url;company;location;job_title;jobdesk;salary;job_category;skill_req;education_req;work_type;company_size;image_logo_url
https://id.jobstreet.com/id/job/91587300?type=standard&ref=search-standalone&origin=jobCard#sol=5a96a047dad35b9189d85b3870950c18c1584c39;Pengiklan Anonim;Jakarta Raya;IT Infrastructure Staff;"Kualifikasi :
Kualifikasi :Pendidikan min. S1 Teknik Informatika / Teknik Komputer / jurusan sejenisPengalaman min. 1 tahun di bidang manajemen infrastruktur ITBerpengalaman dalam instalasi dan troubleshooting infrastruktur IT, termasuk server, komputer, perangkat komunikasi (IP phone, radio PTP/comm, CCTV), jaringan (router,firewall, VLAN, DHCP), dllPenempatan Head Office – Jakarta Pusat.
Bergabunglah dengan jutaan pencari kerja di seluruh dunia menggunakan alat dan wawasan pembentukan karier kami.";Tidak Disebutkan;Administrasi Jaringan & Sistem (Teknologi Informasi & Komunikasi);Teknik Komputer, Instalasi, Troubleshooting, Closed Circuit Television;S1;Kontrak/Temporer;201-500 employees;Tidak Disebutkan
https://id.jobstreet.com/id/job/91839833?type=standard&ref=search-standalone&origin=jobCard#sol=f5b56dd8bbe13fd8552fb973fbdd1271b66147db;Tidak Disebutkan;Kebon Jeruk, Jakarta Raya;Head of IT;"Key Responsibilities
Key ResponsibilitiesTechnical Documentation Management: Establish and maintain documentation systems for architecture, deployment, and operations, ensuring continuous updates and usabilityInfrastructure Management: Oversee server architecture (cloud/on-premise), deployment, and optimization to ensure system stabilityVendor Management: Select and manage cloud services, hardware, and outsourcing vendors, balancing cost and qualityIT Support: Build standardized IT support processes (ticketing system, SLA) to improve internal service efficiencyIT Compliance & Security: Implement access control, data protection, and audit requirementsRequirements5+ years of experience in IT-related roles, with experience in IT system building or restructuringFamiliar with servers, cloud platforms, and basic networkingExperience in vendor managementExperience in building technical documentation systems (not just writing documents)Fluent in English (for daily communication and documentation)Experience supporting IPO processes or working in a listed company environment is a plus
Bergabunglah dengan jutaan pencari kerja di seluruh dunia menggunakan alat dan wawasan pembentukan karier kami.";Tidak Disebutkan;Manajemen (Teknologi Informasi & Komunikasi);Penyebaran, Manajemen Infrastruktur, Hardware, Sistem Teknologi Informas;Tidak Disebutkan;Full time;1-50 employees;https://bx-branding-gateway.cloud.seek.com.au/e3cbb1a6-1e7b-43f0-8f16-d603e2959a96.1/jdpLogo
https://id.jobstreet.com/id/job/91355816?type=standard&ref=search-standalone&origin=jobCard#sol=92f8e655fc2b2d909cab06146774712ffe46dfe3;Unique;Jakarta Barat, Jakarta Raya;IT SUPPORT;"Lulusan SMK sederajatPengalaman minimal 2 tahun dibidang ITMemiliki kemampuan troubleshoot jaringan, firewall, NAT, Wifi, VPN, LAN, Fiber OpticBersedia bekerja dengan jadwal waktu dan lokasi pekerjaan yang fleksibel dan bertanggung jawab atas pekerjaan Memiliki kepribadian jujur, rapih, bersih, dan tertib Memiliki Kendaraan (Motor) PribadiSiap bekerja secepatnyaMencantumkan gaji yang diharapkanBerdomisili di Jakarta Barat dan sekitarnyaSelain untuk di Jakarta Barat, Perusahaan kami sedang mencari IT untuk ditempatkan di daerah Cilacap, Nusakambangan.
Bergabunglah dengan jutaan pencari kerja di seluruh dunia menggunakan alat dan wawasan pembentukan karier kami.";Tidak Disebutkan;Administrasi Jaringan & Sistem (Teknologi Informasi & Komunikasi);Troubleshooting, Firewalls, Virtual Private Network, Local Area Network;SMK;Full time;51-100 employees;https://bx-branding-gateway.cloud.seek.com.au/f7a0a463-6aaa-40c7-b8f1-9e2519af15e2.1/jdpLogo
https://id.jobstreet.com/id/job/91788696?type=standard&ref=search-standalone&origin=jobCard#sol=d88eef8d4eb02b902ec9bad091ed316c1508f231;Pancaran Group;Jakarta Utara, Jakarta Raya;IT Support;"Job Description :
Job Description :Receive, record requests and incidents from users via ticketing system.Monitor, verify the correctness of data in service and follow up - status requests and incidents until the service is properly delivered to the user.Perform troubleshooting incidents that occur according to the agreed SLA.Escalation / dispatch problems / incidents and requests that cannot be resolved within the deadline for resolution to the support group.Perform system monitoring and regular physical inspections to ensure the IT system is functioning properly and in accordance with the predetermined quality.Maintain user satisfaction levels and report work results to users for feedback.Installing and maintaining computers, multimedia, and data networks, both hardware and software.Perform troubleshooting and repair of all problems related to computers, multimedia, and data networks, both problems caused by hardware.Maintain and safeguard IT assets belonging to COMPANY which are included in the scope of its responsibilities.Carry out work in accordance with the SOP and Occupational Health and Safety regulations.Make regular work reports and report to the Helpdesk Coordinator.Requirements :Candidate must possess Bachelor Degree in Information Technology.Proven minimum 2 years experiences.Excellent communication and critical thinking skills.Good organizational skills and detail-oriented mindset.Fast learner.Willing to be placed at Cilincing, North Jakarta
Bergabunglah dengan jutaan pencari kerja di seluruh dunia menggunakan alat dan wawasan pembentukan karier kami.";Tidak Disebutkan;Meja Bantuan & Dukungan IT (Teknologi Informasi & Komunikasi);Troubleshooting, Instalasi, Hardware, Helpdesk Support;Bachelor, Degree;Full time;101-1,000 employees;https://bx-branding-gateway.cloud.seek.com.au/c236f87d-322d-42d6-bbb1-31e35d63e353.2/jdpLogo
https://id.jobstreet.com/id/job/91800508?type=standard&ref=search-standalone&origin=jobCard#sol=0f354edca0c033a840c2c26a184ff2aae26e67af;Mustika Citra Rasa;Jakarta Raya;IT SUPPORT;"Melakukan monitoring, memecahkan permasalahan tentang permasalahan pada perangkat lunak atau perangkat keras.
Melakukan monitoring, memecahkan permasalahan tentang permasalahan pada perangkat lunak atau perangkat keras.Melakukan monitoring, memecahkan permasalahan tentang permasalahan internet atau jaringan.Bekerja sama dengan berbagai departemen untuk memberikan solusi terkait permasalahan yang terkait pada IT Support, server di kantor, dan server di cloud.
Kualifikasi :Pendidikan Minimal D3 Teknik Informatika / Teknik Komputer / Sistem InformasiMemiliki pengalaman di bidang IT Support di F&B, Retail, atau Hospitality.Pengalaman di sistem operasi Windows, hosting web, Sistem Operasi Linux, dan Google AppsPerawatan panel kontrol server ataupun piranti jaringanAkrab dengan perangkat keras PC, Printer, Pemindai, Periferal Komputer, NAS, Mesin POSMemahami Konektivitas PC user – Ethernet, TCP / IP, Switch, Router, Firewall, dan VPNBerpengalaman di Server (Hardware/Software)Kemampuan untuk mengkomunikasikan informasi teknis baik lisan maupun tulisanDiutamakan yang memahami Sistem Operasi LinuxPenempatan kerja Kantor Pusat Holland Bakery Jakarta Utara
Bergabunglah dengan jutaan pencari kerja di seluruh dunia menggunakan alat dan wawasan pembentukan karier kami.";Rp 6.000.000 – Rp 7.000.000 per month;Meja Bantuan & Dukungan IT (Teknologi Informasi & Komunikasi);Perangkat Lunak Komputer, Perangkat Keras Komputer, IT Technical Support, Teknik Komputer;D3;Full time;More than 10,000 employees;https://bx-branding-gateway.cloud.seek.com.au/91914890-a9ca-4f50-a3be-76462a7ab64d.1/jdpLogo
https://id.jobstreet.com/id/job/91887471?type=standard&ref=search-standalone&origin=jobCard#sol=97932194a45ac1bed4e3ac096c132403070196e9;CV INDITEC ROYAL OPTIMA ASIA;Cengkareng, Jakarta Raya;IT & GA;"Kesempatan
Kami sedang mencari seorang profesional IT & GA yang dinamis dan berpengalaman untuk bergabung dengan tim kami di CV INDITEC ROYAL OPTIMA ASIA' di Cengkareng, Jakarta Raya. Dalam peran ini, Anda akan memainkan peran kunci dalam memastikan kelancaran operasi teknologi informasi dan dukungan umum untuk organisasi kami.
Kesempatan
Kami sedang mencari seorang profesional IT & GA yang dinamis dan berpengalaman untuk bergabung dengan tim kami di CV INDITEC ROYAL OPTIMA ASIA' di Cengkareng, Jakarta Raya. Dalam peran ini, Anda akan memainkan peran kunci dalam memastikan kelancaran operasi teknologi informasi dan dukungan umum untuk organisasi kami.Tanggung JawabMemberikan dukungan teknis dan penyelesaian masalah untuk semua perangkat keras dan lunak IT yang digunakan di perusahaan.Mengelola dan memelihara infrastruktur IT, termasuk server, jaringan, dan sistem keamanan.Mengkoordinasikan pembelian, instalasi, dan konfigurasi perangkat keras dan lunak IT.Memberikan dukungan administrasi umum, seperti manajemen surat-menyurat, pengaturan rapat, dan pengelolaan fasilitas kantor.Membantu mengembangkan dan menerapkan prosedur dan kebijakan IT untuk meningkatkan efisiensi dan keamanan.Berkoordinasi dengan penyedia layanan eksternal untuk memastikan pemeliharaan dan perbaikan sistem yang tepat waktu.PersyaratanGelar diploma atau sarjana dalam bidang Teknologi Informasi, Sistem Informasi, atau disiplin ilmu terkait.Minimal 1 tahun pengalaman dalam peran dukungan IT atau administrasi umum di lingkungan perusahaan.Pengetahuan yang kuat tentang sistem operasi Windows, jaringan, dan aplikasi perkantoran.Kemampuan pemecahan masalah yang baik dan paham mengenai mikrotikKemampuan komunikasi yang efektif, baik lisan maupun tertulis.Bersedia belajar dan mengadopsi teknologi baru yang diperlukan untuk mendukung pertumbuhan bisnis.Tentang Kami
CV INDITEC ROYAL OPTIMA ASIA' adalah perusahaan teknologi informasi yang inovatif dan berkembang pesat di Indonesia. Kami berkomitmen untuk menyediakan solusi IT terdepan dan layanan dukungan yang unggul bagi pelanggan kami. Dengan tim yang terdiri dari profesional IT yang berdedikasi, kami terus berupaya meningkatkan standar layanan dan membantu organisasi mencapai tujuan digital mereka.
Jika Anda siap untuk bergabung dengan tim kami yang dinamis, lamar sekarang!
Bergabunglah dengan jutaan pencari kerja di seluruh dunia menggunakan alat dan wawasan pembentukan karier kami.";Rp 3.500.000 – Rp 4.000.000 per month;Meja Bantuan & Dukungan IT (Teknologi Informasi & Komunikasi);Tidak Disebutkan;Sarjana, Diploma;Full time;501-1,000 employees;https://bx-branding-gateway.cloud.seek.com.au/5ec248cd-cb1d-43f8-b25b-507c60dd4c64.1/jdpLogo
https://id.jobstreet.com/id/job/91762207?type=standard&ref=search-standalone&origin=jobCard#sol=63ba1685855da2bb831fd53bf7428e3a2cd30354;Nara Law;Jakarta Selatan, Jakarta Raya;IT Staff;"NARA Law (formerly known as Tarigan & Partners) is a full-service law firm, is looking for team support for the following position:
NARA Law (formerly known as Tarigan & Partners) is a full-service law firm, is looking for team support for the following position: Role OverviewPosition: IT SupportLocation: Sampoerna Strategic Square, South JakartaExpertise: Help Desk & IT Support (Information & Communication Technology) QualificationsMinimum 2 years of experience in IT support.Solid experience in handling office equipment and tools, including printers, Wi-Fi networks, desktops, and laptops running on both Windows and macOS.Knowledge of basic IT technologies, i.e., monitoring tools, troubleshooting tools.Hands-on experience with IT asset management, including tracking, maintaining, and optimizing hardware and software inventories.Team skills, including the ability to establish and maintain effective working relationships.Strong problem-solving skills, especially under time pressure.Willing to work onsite and can join immediately. If you feel that you fit the abovementioned criteria, please submit your cover letter (in English), your CV, and any documents that you believe are relevant, along with your expected salary. We highly appreciate if you could provide the aforementioned documents no later than 4 May 2026. We will contact shortlisted candidates via phone call and/or email. Looking forward to working with you!
Bergabunglah dengan jutaan pencari kerja di seluruh dunia menggunakan alat dan wawasan pembentukan karier kami.";Tidak Disebutkan;Meja Bantuan & Dukungan IT (Teknologi Informasi & Komunikasi);IT Technical Support, Mesin Cetak, Sistem Operasi Windows, Troubleshooting;Tidak Disebutkan;Full time;501-1,000 employees;https://bx-branding-gateway.cloud.seek.com.au/fb82296a-9b95-4aca-b5fb-9274ef191926.2/jdpLogo
https://id.jobstreet.com/id/job/91373929?type=standard&ref=search-standalone&origin=jobCard#sol=433d78dd582ebe4583f416415d1cf0c282d7dac7;ADR Group Of Companies;Jakarta Utara, Jakarta Raya;IT Infrastruktur & Support;"Maintenance IT Infrastructure HO DC, DRC and Network existing and make sure running normaly.
Maintenance IT Infrastructure HO DC, DRC and Network existing and make sure running normaly.Troubleshoot for all problem on IT Infrastructure (Server,PC/Laptop,Printer,CCTV,IP PBX, Router, Firewall, Tower and etc) on related area.Analyze problem for preventif and corrective action for solving problemManage network administration including troubleshooting and configurationPerform user support (email, PC, laptop troubleshooting, projector, IP phone, etc)Document all aspects of the project and ensure that all projects are delivered on-time with in scope and budget.Serve as the first point of contact for customers seeking technical assistance over the phone or emailDetermine the best solution based on the issue and details provided by customersWalk the customer through the problem-solving process & Direct unresolved issues to the next level of support personnelProvide accurate information on IT products or servicesRecord events and problems and their resolution in logsPass on any feedback or suggestions by customers to the appropriate internal teamResponsible and documentation for IT asset and License ADR AGRO group .Coordinate approvals and signatures for IT purchase orders, Coordinate execution of IT material, vendor notification of executed IT material and storage.Monitor IT service contracts. Coordinate tracking of all service contracts in centralized tool.Coordinate updates to IT Asset Management tools to update inventory for hardware, software and services.Create IT Asset Inventory reports as required for designated stakeholders.Work with designated IT teams to coordinate monitoring of hardware and software inventory. Coordinate updates to the inventory management tools & Coordinate orders of additional hardware and software at the minimum order level once inventory has reached a minimum level.Update the designated Department and Project budget workbooks as required.Work with IT leadership, management stakeholders, Purchasing, Accounts Payable and Finance to continuously optimize the IT Asset Management process.Coordinate checking competitive pricing with different vendors as required.Provide support to the annual budgeting process.Coordinate approvals and signatures for IT Purchase orders.Receives general instructions on what is to be done, limitations, quality and quantity expected, deadlines and priority of assignments from Manager. Uses initiative in carrying out recurring assignments independently without specific instruction but receives additional specific instructions from Manager for new, difficult or special projects/assignments.Pengalaman min. 2th sebagai IT InfrastrukturPenempatan di PIK (Jakarta Utara)
Bergabunglah dengan jutaan pencari kerja di seluruh dunia menggunakan alat dan wawasan pembentukan karier kami.";Tidak Disebutkan;Teknik – Perangkat Lunak (Teknologi Informasi & Komunikasi);Tidak Disebutkan;Tidak Disebutkan;Full time;1,001-5,000 employees;https://bx-branding-gateway.cloud.seek.com.au/55cd1e7e-7765-4349-8268-9053a204827e.1/jdpLogo
https://id.jobstreet.com/id/job/91761614?type=standard&ref=search-standalone&origin=jobCard#sol=1c13bf726adb3170acc02869bc0f1867a853a1c5;Prestasi Piranti Informasi;Jakarta Selatan, Jakarta Raya;MONITORING / FIELD ENGINEER;"Kualifikasi yang dibutuhkan :
Kualifikasi yang dibutuhkan :Minimal D3 Teknik Informatika / Komputer/ TelekomunikasiFresh graduate dipersilakan, atau max 2 tahun pengalaman di NOC / Monitoring/ Network SupportBersedia bekerja shift (rotating / 24 jam )Bersedia untuk bekerja lembur dan on site jika dibutuhkan operasionalMemahami dasar jaringan dan infrastruktur internet (TCP/IP , VLAN, Route / Switching)Tinggal di Jakarta dan sekitarnya / Jakarta Selatan (Kuningan )Harus memiliki kendaraanHanya pelamar serius yang boleh melamar
Tanggung Jawab :Menyelesaikan troubleshooting awal, isolasi gangguan, eskalasi ke Network / Field EngineerMonitoring backbone , jaringan akses, FTTH 24/7Monitoring alarm GPON / FTTH , status dan kesehatan layanan ONU /ONTFrontline support untuk laporan gangguan via chat , Email, teleponMembuat tiket insiden, mencatat log monitoring dan laporan operasionalSiap untuk onsite troubleshooting / support lapangan jika dibutuhkan
Bergabunglah dengan jutaan pencari kerja di seluruh dunia menggunakan alat dan wawasan pembentukan karier kami.";Rp 6.000.000 – Rp 8.000.000 per month;Meja Bantuan & Dukungan IT (Teknologi Informasi & Komunikasi);Tidak Disebutkan;D3;Full time;51-100 employees;https://bx-branding-gateway.cloud.seek.com.au/5baecdf2-16db-4e76-ad39-2f87ea4c5ffd.2/jdpLogo
https://id.jobstreet.com/id/job/91882288?type=standard&ref=search-standalone&origin=jobCard#sol=525152fd3844342f53e0d076a5e4631c691823d4;SuperCorridor;Kelapa Gading, Jakarta Raya;IT Fullstack;"Tanggung Jawab Utama
Tanggung Jawab UtamaMengembangkan dan memelihara aplikasi menggunakan Native PHP dan MySQL.Membuat dashboard dan laporan (report).Memperbaiki bug serta menambahkan fitur baru sesuai kebutuhan produk.Berkolaborasi dengan tim dalam merancang alur proses aplikasi dan memastikan alur bisnis berjalan lancar.Melakukan dokumentasi terhadap pekerjaan yang dilakukan.KualifikasiPendidikan Minimal S1 Teknik Informatika, Sistem Informasi atau bidang terkaitPengalaman 2 tahun di proyek nyata (bukan tugas perkuliahan) sebagai PHP Developer atau Full Stack Developer.Mampu memahami dan menerjemahkan proses bisnis ke dalam alur aplikasi.Mampu membuat query MySQL yang efisien dan mendesain skema database.Mampu merancang skema dan query MySQL yang efisien untuk OLTP & analitikKemampuan presentasi yang baik untuk memaparkan laporan ke stakeholders.Memahami mengenai sistem operasi linux
Bergabunglah dengan jutaan pencari kerja di seluruh dunia menggunakan alat dan wawasan pembentukan karier kami.";Tidak Disebutkan;Developer/Programmer (Teknologi Informasi & Komunikasi);Tidak Disebutkan;S1;Full time;101-1,000 employees;https://bx-branding-gateway.cloud.seek.com.au/0a524fb5-12f0-4a12-91cb-445546e5c087.1/jdpLogo
https://id.jobstreet.com/id/job/91834228?type=standard&ref=search-standalone&origin=jobCard#sol=589fc662bb42f087bb54557df1d83ff4901e324b;Pengiklan Anonim;Jakarta Raya;IT support;"Education min. D3/S1 IT or related
Education min. D3/S1 IT or relatedIT Support experience (fresh graduates considered)Can solve hardware, software and network problemsCommunicative and responsiveRequirements:
- Detail-oriented and highly organized
- Willing to learn and adapt quickly
- Able to operate a computer (Microsoft Office and basic administrative tools)

Responsibilities:
- Assist in preparing and managing project reports
- Handle administrative tasks related to the project
- Ensure accuracy and completeness of documentation
Bergabunglah dengan jutaan pencari kerja di seluruh dunia menggunakan alat dan wawasan pembentukan karier kami.";Rp 4.500.000 – Rp 5.800.000 per month;Meja Bantuan & Dukungan IT (Teknologi Informasi & Komunikasi);IT Technical Support, Hardware, Aplikasi Microsoft Office, Tampilkan semua⁠;S1, D3;Kontrak/Temporer;201-500 employees;Tidak Disebutkan
https://id.jobstreet.com/id/job/91863238?type=standard&ref=search-standalone&origin=jobCard#sol=daf5c1ed0d4fe1d945f74816c877004d9ff674ce;Orang Tua Group;Jakarta Barat, Jakarta Raya;IT Solution Staff;"Kualifikasi:
Kualifikasi:Pendidikan min. S1 Teknik Informatika/Sistem Informasi dengan IPK min. 3.00.Terbuka untuk fresh graduates.Diutamakan menguasai sistem Finance AccountingMemahami SQL Server.Memiliki kemampuan analisa yang baik.Bersedia ditempatkan di Jakarta Barat.
Deskripsi Pekerjaan:Mendukung kelancaran proses operasional IT.Merancang dan mengembangkan Sistem Aplikasi sesuai kebutuhan perusahaan.Memastikan project dapat terlaksana dengan baik.Mencari, menggali, dan mengusulkan teknologi sistem aplikasi yang terupdate.
Bergabunglah dengan jutaan pencari kerja di seluruh dunia menggunakan alat dan wawasan pembentukan karier kami.";Tidak Disebutkan;Administrasi Jaringan & Sistem (Teknologi Informasi & Komunikasi);Tidak Disebutkan;S1;Full time;More than 10,000 employees;https://bx-branding-gateway.cloud.seek.com.au/f36e1cd8-38b4-4d72-ab47-249ef197dd99.2/jdpLogo
https://id.jobstreet.com/id/job/91858535?type=standard&ref=search-standalone&origin=jobCard#sol=4ba54dc376ae8db43ce84624ebfc45c7f0021f12;Tidak Disebutkan;Jakarta Raya;Teknisi Laptop;"Pengalaman teknisi mininal 2 tahun
Pengalaman teknisi mininal 2 tahunDapat memperbaiki segala kerusakan pada laptopMengerti semua komponen laptopDapat bekerja dengan tim dan mengikuti peraturan yang sudah di tetap kapendidikan minimal SMA/SMKTugas dan tanggung jawab menghandle proses perbaikan pada laptop baik itu hardware atau softwareMemastikan komponen pergantian sesuai spek yang dibutuhkan
Bergabunglah dengan jutaan pencari kerja di seluruh dunia menggunakan alat dan wawasan pembentukan karier kami.";Rp 3.500.000 – Rp 5.000.000 per month;Meja Bantuan & Dukungan IT (Teknologi Informasi & Komunikasi);Tidak Disebutkan;SMA, SMK;Full time;1-50 employees;https://bx-branding-gateway.cloud.seek.com.au/e02ad474-7340-447e-9db0-69f83e0b33ed.1/jdpLogo
https://id.jobstreet.com/id/job/91884789?type=standard&ref=search-standalone&origin=jobCard#sol=7615654336baa325aadcda29ec0a45766b718b08;PT. LIS KARYA;Jakarta Barat, Jakarta Raya;Digital Marketing & IT Support;"Mengelola dan melakukan update website perusahaan (landing page, upload project, dll)
Job DescriptionMengelola dan melakukan update website perusahaan (landing page, upload project, dll)Mengelola email perusahaan (setup dan basic troubleshooting)Membuat materi promosi sederhana (foto & video basic)Mengupload dan mengelola konten di website serta sosial media (Instagram, TikTok, dll)Menjalankan iklan digital sederhana (Meta Ads / Google Ads – basic level)Melakukan monitoring sederhana terhadap performa konten dan iklanBerkoordinasi dengan tim internal untuk kebutuhan materi promosi
Bergabunglah dengan jutaan pencari kerja di seluruh dunia menggunakan alat dan wawasan pembentukan karier kami.";Rp 6.000.000 – Rp 6.500.000 per month;Pemasaran Digital & Pencarian (Pemasaran & Komunikasi);Media Sosial, Instagram, TikTok, Iklan Digital;Tidak Disebutkan;Full time;1-50 employees;https://bx-branding-gateway.cloud.seek.com.au/b5ccbab7-f0ab-4469-932e-b8076bbcc80d.1/jdpLogo
https://id.jobstreet.com/id/job/91902395?type=standard&ref=search-standalone&origin=jobCard#sol=f7aa19083f726c966f9e3985f491265cccda09fc;SECOM;Jakarta Selatan, Jakarta Raya;IT ERP Staff;"Job Description:
Job Description:• Support daily operation and maintenance of ERP system (e.g. Microsoft Dynamics 365 or similar)• Assist in monitoring business process flow within ERP (Finance, Sales, Procurement, etc.)• Provide user support, troubleshooting, and issue resolution related to ERP system• Assist in system configuration and data validation• Develop simple internal applications using Microsoft Power Apps• Support workflow automation using Microsoft Power Automate• Collaborate with internal users to understand system requirements and improvements• Support integration and data consistency between systems (ERP, HRIS, etc.)• Prepare basic documentation and assist in user training
Requirements:• Bachelor’s degree in IT / Information Systems / related field• Basic to intermediate experience in ERP system (preferably Microsoft Dynamics 365 or similar)• Understanding of business process flow (Finance, Procurement, Sales cycle)• Experience or familiarity with:o Power Appso Power Automate• Basic understanding of database (SQL) and system integration• Good analytical thinking and problem-solving skills• Good communication skills (Bahasa Indonesia & English)• Willing to learn and adapt in Microsoft environment
Preferred (Nice to Have):• Experience in ERP implementation / support• Familiar with API / integration concept• Experience using Microsoft ecosystem (Office 365, SharePoint, etc.)• Exposure to digital transformation or automation projects
About usSECOM is a global corporation providing comprehensive, integrated security services and systems that make your life more secure, convenient, and comfortable. SECOM, which means ""SECURITY COMMUNICATION,"" initially established in 1962, is a pioneer in Japan’s security services industry and has expertise in every aspect of security management through its Total Security Solutions services.Apply now to join our team and be a part of our exciting journey!
Bergabunglah dengan jutaan pencari kerja di seluruh dunia menggunakan alat dan wawasan pembentukan karier kami.";Rp 6.000.000 – Rp 9.000.000 per month;Teknik – Perangkat Lunak (Teknologi Informasi & Komunikasi);Sistem ERP, Proses Bisnis, ERP, Troubleshooting;Bachelor, Degree;Full time;101-1,000 employees;https://bx-branding-gateway.cloud.seek.com.au/d81aa304-e6b4-414c-84b6-169bb9c06bb6.1/jdpLogo
https://id.jobstreet.com/id/job/91650996?type=standard&ref=search-standalone&origin=jobCard#sol=bb77ec807c70ff8170234afddd92b96213ba6870;Intisumber Bajasakti;Jakarta Utara, Jakarta Raya;IT Functional;"IT Functional - Senior Staff

Deskripsi Pekerjaan:
IT Functional - Senior Staff

Deskripsi Pekerjaan:Melakukan analisa serta menindak lanjuti masalah program berdasarkan laporan userMemberikan rekomendasi perbaikan & pengembangan sistem kepada Tim DeveloperMenyusun dokumentasi teknis: Flowchart, FSD, User ManualMelakukan testing, implementasi, dan memberikan training penggunaan systemMembantu menangani troubleshooting divisi Finance dan SalesMembantu pelatihan user terkait
Kualifikasi:S1 Teknik Informatika / Sistem Informasi / atau jurusan terkaitPengalaman minimal 3 tahun sebagai IT Functional / Business AnalystMemahami proses bisnis Finance dan SalesMenguasai Excel & database SQL ServerPengalaman / pengetahuan Machine Learning & AI menjadi nilai tambahKomunikatif, mampu memahami kebutuhan user, dan berpikir analitisBersedia bekerja Senin–SabtuPenempatan Pluit – Jakarta
Bergabunglah dengan jutaan pencari kerja di seluruh dunia menggunakan alat dan wawasan pembentukan karier kami.";Rp 8.000.000 – Rp 12.000.000 per month;Analis Bisnis/Sistem (Teknologi Informasi & Komunikasi);Tidak Disebutkan;S1;Full time;101-1,000 employees;https://bx-branding-gateway.cloud.seek.com.au/864d5e2b-93e9-4d55-af86-f938c249edcf.1/jdpLogo
https://id.jobstreet.com/id/job/91908245?type=standard&ref=search-standalone&origin=jobCard#sol=ea950ff36b6a65e3105fbe05afc143d12a4d66dc;Smartec Technology Indonesia;Jakarta Selatan, Jakarta Raya;Desk Collection;"Deskripsi Pekerjaan:
Deskripsi Pekerjaan:Mendiagnosis dan menyelesaikan masalah pembayaran pinjaman nasabahMenghubungi nasabah sebelum atau pada tanggal jatuh tempo sebagai pengingat pembayaranMenghubungi nasabah yang menunggak setelah tanggal jatuh tempo sebagai tuntutan pembayaranMeminimalkan kerugian akibat tunggakan pembayaran dan memaksimalkan efektivitas penagihan kredit dengan menegosiasikan tenggat waktu pelunasan atau rencana pembayaran dengan nasabahMembantu nasabah dalam prosedur pembayaran dan menyediakan informasi yang diperlukanMengambil inisiatif untuk membuat strategi penagihan yang efektifMencatat setiap aktivitas billing di sistem billing
Kualifikasi:Minimal lulusan SMA atau sederajatMemiliki pengalaman minimal 1 tahun sebagai Desk Collection di perusahaan Financial Technology (Lulusan baru di persilahkan)Menguasai produk-produk Microsoft Office, terutama ExcelBerorientasi pada pencapaian targetMemiliki kemampuan komunikasi yang baikDisiplin dan memiliki sikap yang baikMemiliki keinginan untuk berkembangMemiliki kemampuan negosiasi yang baik
Bergabunglah dengan jutaan pencari kerja di seluruh dunia menggunakan alat dan wawasan pembentukan karier kami.";Rp 5.396.761 – Rp 7.500.000 per month;Kredit (Perbankan & Layanan Finansial);Strategi, Tampilkan semua⁠;SMA;Kontrak/Temporer;101-1,000 employees;https://bx-branding-gateway.cloud.seek.com.au/a898f316-6046-4e65-acd6-b295080ccbe5.1/jdpLogo
https://id.jobstreet.com/id/job/91755365?type=standard&ref=search-standalone&origin=jobCard#sol=0d0fe39e22dc862308296bd53bc9a745ee074f96;Victory Retailindo;Jakarta Selatan, Jakarta Raya;IT Support;"Tugas
Tugas1.  Melaksanakan tugas administrasi berupa pencatatan, dan pemeliharaan dokumen fisik2.  Merakit dan melakukan troubleshooting computer3.  Mengistall, maintenance dan update software atau aplikasi4.  Networking : Mengkrimping kabel UTP, setting router, setting jaringan LAN & WAN5.  Menganalisa sistem informasiKriteria1.   Mengoprasikan computer, database, dan pemograman dasar2.   Dapat bekerja sama dengan tim3.   Mampu berkomunikasi dengan baik4.   Kejujuran5.   Rajin6.   Teliti7.   Kecepatan bekerja8.   Daya ingat yang tinggi9.   Bersedia ditempatkan di Jakarta dan Bekasi10. Diutamakan yang berdomisili Jabodetabek11. Pendidikan Minimal SMK Teknik Komputer Jaringan 12. Bersedia kerja shift dan pada hari libur nasional
Bergabunglah dengan jutaan pencari kerja di seluruh dunia menggunakan alat dan wawasan pembentukan karier kami.";Tidak Disebutkan;Meja Bantuan & Dukungan IT (Teknologi Informasi & Komunikasi);Local Area Network, Wide Area Network, Analisis, Sistem Informasi;SMK;Full time;101-1,000 employees;https://bx-branding-gateway.cloud.seek.com.au/9858a8a1-8415-4e6f-9c8f-7fae4877abba.1/jdpLogo
https://id.jobstreet.com/id/job/91450697?type=standard&ref=search-standalone&origin=jobCard#sol=40c8eb5aa5c1c65c23796c7d027ed9b402ec9e92;JD Toyota;Jakarta Utara, Jakarta Raya;IT System Infrastructure Officer;"Job Description
Job DescriptionMaintain the security, regular updates, and smooth operation of all systems and infrastructures.Manage company facilities, systems, and operational devices to ensure optimal functionality.Handle troubleshooting activities and resolve user issues promptly.Coordinate with external vendors regarding facility needs, system requirements, and device procurement or maintenance.Conduct asset stock opname in accordance with company standards and documentation procedures.
Job QualificationsBachelor’s degree in IT, Computer Science, or related field.2+ years of experience in similar field (IT support, network/ system operations).Good knowledge in network, technology, system security, and server administration.Familiar with IT assets, device support, and documentation.Strong troubleshooting and problem-solving skills.Good communication, able to work both independently and in a team.Detail-oriented, proactive, able to manage multiple tasks with continuous improvement attitude.
Benefits of Working at PT Mulia Mega Makmur (JD Toyota)Basic SalaryMeal & Transportation AllowancesReligious Holiday Allowance (THR)Health & Employment Social Security (BPJS Kesehatan & Ketenagakerjaan)Training & Development ProgramsCareer PathSupportive and Collaborative Work Environment
Bergabunglah dengan jutaan pencari kerja di seluruh dunia menggunakan alat dan wawasan pembentukan karier kami.";Rp 6.500.000 – Rp 7.500.000 per month;Keamanan (Teknologi Informasi & Komunikasi);Troubleshooting, Ilmu Komputer, IT Technical Support, Tampilkan semua⁠;Degree;Full time;51-100 employees;https://bx-branding-gateway.cloud.seek.com.au/6514209e-ad13-40d3-8f40-cbffd87377a4.1/jdpLogo
https://id.jobstreet.com/id/job/91586960?type=standard&ref=search-standalone&origin=jobCard#sol=29bd023aa0f291aa4d3b71e1c1fa4ada1b56a314;Oase Technology Asia;Jakarta Utara, Jakarta Raya;IT Staff;"Kualifikasi
KualifikasiPendidikan S1 Sistem Informasi atau jurusan terkait.Usia Maks 27 tahunFresh Graduate dipersilahkan untuk melamarMinimal pengalaman 1 tahun sebagai IT Staff/ IT Support/ QA/ posisi lain yang relevan.Memahami konsep software testing, proses QA, dan troubleshooting software & hardware.Mampu mengelola bug dan terbiasa mengelola testing & operational.Analitis, komunikatif dan detail oriented.DAPAT SEGERA BERGABUNGPenempatan Pluit, Jakarta UtaraJob DeskripsiMemberikan dukungan teknis operasional IT, troubleshooting, dan perbaikan perangkat IT.Mengelola katalog produk harian, seperti upload gambar dan input data produk.Menyusun, membaca, dan memelihara test case, user manual, dan dokumentasi teknis.Melakukan functional, regression, dan usability testing pada mobile app.Mengidentifikasi, mencatat, dan melakukan tracking bug, serta berkolaborasi dengan tim developer untuk memverifikasi perbaikan bug.Memonitor performa aplikasi harian untuk memastikan sinkronisasi data antara aplikasi, server, dan third-party berjalan optimal.
Bergabunglah dengan jutaan pencari kerja di seluruh dunia menggunakan alat dan wawasan pembentukan karier kami.";Tidak Disebutkan;Meja Bantuan & Dukungan IT (Teknologi Informasi & Komunikasi);IT Technical Support, Hardware, Dukungan Teknis, Troubleshooting;S1;Full time;101-1,000 employees;https://bx-branding-gateway.cloud.seek.com.au/d92c78c0-4908-4dc5-afa6-7f9e0861fc8f.1/jdpLogo
https://id.jobstreet.com/id/job/91895456?type=standard&ref=search-standalone&origin=jobCard#sol=29779ea524b3f26b63eb0a8430d8a79c6a95dc61;Central Asia Raya Life Insurance;Jakarta Barat, Jakarta Raya;IT Help Desk Staff;"Job Description :
Job Description :Provide an assistance and support for incoming queries and issues related to computer systems and software.Troubleshooting, diagnosing and solving system/software faults.Respond to email messages for users seeking help.Supporting the roll-out of new application.
Requirements :S1 degree from reputable university with major in Computer Science/Computer Engineering with GPA ≥ 3.00Minimum 1 year experience in the same field, Fresh graduated are welcome to apply.Strong expertise in windows operating systems.Experience in handling computer (PC, laptop, printer) troubleshooting, and software installationProviding support, including procedural documentation and relevant reports.Willing to learning and evaluating new applications and tools.Excellent communication, both oral and written communication skills.Good communication and interpersonal skill.Practitioner of hard work, honesty, and integrity.Full-Time position(s) available.
Bergabunglah dengan jutaan pencari kerja di seluruh dunia menggunakan alat dan wawasan pembentukan karier kami.";Tidak Disebutkan;Meja Bantuan & Dukungan IT (Teknologi Informasi & Komunikasi);Tidak Disebutkan;S1, Degree;Full time;101-1,000 employees;https://bx-branding-gateway.cloud.seek.com.au/311f3f50-0c5f-4103-bb32-f40203323b9d.1/jdpLogo
https://id.jobstreet.com/id/job/91482779?type=standard&ref=search-standalone&origin=jobCard#sol=a727ee70d4b1fb4796c60e699ad9e1e72e434972;ASRI;Jakarta Utara, Jakarta Raya;IT Application Staff;"Requirements:
Requirements:Min. Bachelor’s degree in Information Systems, Computer Science, or related field.Min. 1–3 years of experience in IT support, application support, or ERP support (fresh graduates are welcome to apply).Strong understanding of ERP systems (SAP / Oracle / Dynamics 365 / Odoo) and business processes.Basic knowledge of SQL for data validation and troubleshooting.Familiarity with Active Directory and basic server operations.Experience using ticketing systems and understanding SLA management.Strong analytical, problem-solving, and communication skills with the ability to work collaboratively.
Responsibilities:Provide daily operational support for ERP systems and business applications through a ticketing system in accordance with SLA.Ensure system stability by monitoring ERP and supporting applications performance.Manage and monitor corporate application licenses and ensure compliance.Perform user troubleshooting related to UAT, Active Directory, and application systems.Provide support and maintenance for corporate email systems (Outlook, webmail, mobile).Handle system incidents (major and minor), including analysis, resolution, and documentation.Collaborate with internal IT teams (infrastructure, database, vendors) to ensure smooth system operations.
Bergabunglah dengan jutaan pencari kerja di seluruh dunia menggunakan alat dan wawasan pembentukan karier kami.";Tidak Disebutkan;Meja Bantuan & Dukungan IT (Teknologi Informasi & Komunikasi);Ilmu Komputer, SAP Sistem, Troubleshooting, ERP;Bachelor, Degree;Full time;101-1,000 employees;https://bx-branding-gateway.cloud.seek.com.au/a765eac2-48e4-42f8-8cb8-7168f1588d1b.1/jdpLogo
https://id.jobstreet.com/id/job/91590236?type=standard&ref=search-standalone&origin=jobCard#sol=04954812ee750de227a8af0d438605776282f542;Bojong Westplas;Jakarta Utara, Jakarta Raya;IT STAFF;"Kesempatan
PT Bojong Westplas' sedang mencari IT Staff yang berpengalaman, terampil, dan berdedikasi untuk bergabung dengan tim kami di Jakarta Utara. Sebagai It STAFF , Anda akan memainkan peran kunci dalam memastikan kelancaran operasional IT dan memberikan dukungan teknis yang efektif bagi seluruh karyawan perusahaan. Kandidat yang ideal memiliki pengetahuan teknis yang solid, kemampuan problem-solving yang baik, dan pengalaman dalam mengelola tim.
Kesempatan
PT Bojong Westplas' sedang mencari IT Staff yang berpengalaman, terampil, dan berdedikasi untuk bergabung dengan tim kami di Jakarta Utara. Sebagai It STAFF , Anda akan memainkan peran kunci dalam memastikan kelancaran operasional IT dan memberikan dukungan teknis yang efektif bagi seluruh karyawan perusahaan. Kandidat yang ideal memiliki pengetahuan teknis yang solid, kemampuan problem-solving yang baik, dan pengalaman dalam mengelola tim.Tanggung JawabMengawasi dan mengkoordinasikan tim dukungan IT untuk memastikan layanan IT berjalan dengan lancarMengidentifikasi dan menyelesaikan masalah IT secara efisien, serta menerapkan solusi jangka panjangMengelola dan memelihara infrastruktur IT, termasuk jaringan, server, perangkat lunak, dan perangkat kerasMemberikan pelatihan dan dukungan teknis kepada pengguna akhirMengembangkan dan menerapkan prosedur dan kebijakan IT yang efektifMemantau kinerja sistem dan mengusulkan peningkatan untuk meningkatkan efisiensiKualifikasi dan Pengalaman yang DibutuhkanSarjana di bidang Teknologi Informasi, Komputer, atau bidang terkaitMinimal 3 tahun pengalaman dalam peran dukungan IT atau manajemen ITKemampuan teknis yang kuat dalam mengelola infrastruktur IT, termasuk jaringan, server, dan aplikasiPengalaman dalam manajemen tim dan kemampuan kepemimpinan yang baikPemahaman yang baik tentang best practice dan kerangka kerja ITKemampuan komunikasi yang efektif, baik lisan maupun tertulisProaktif, berorientasi pada pemecahan masalah, dan memiliki keterampilan analitis yang baikManfaatGaji yang kompetitif dan paket tunjangan yang menarikPeluang pengembangan karier yang luasLingkungan kerja yang dinamis dan kolaboratifProgram pelatihan dan pengembangan profesional yang komprehensifFasilitas kantor yang modern dan nyamanTentang PT Bojong Westplas'
PT. Bojong Westplas muncul sebagai cikal bakal pionir dalam industri perpipaan. Dengan fokus pada produksi bahan baku PVC Compounds, XLPE, dan PE Jacketing, perusahaan kami menjadi sorotan utama sebagai penyedia isolasi kabel bertegangan 1KV-10KV pada tiang listrik di sepanjang jalan.
Jika Anda tertarik dan memenuhi persyaratan di atas, lamar posisi ini sekarang!
Bergabunglah dengan jutaan pencari kerja di seluruh dunia menggunakan alat dan wawasan pembentukan karier kami.";Tidak Disebutkan;Meja Bantuan & Dukungan IT (Teknologi Informasi & Komunikasi);Dukungan Teknis, Perangkat Lunak Komputer, Perangkat Keras Komputer, Pemantauan;Tidak Disebutkan;Full time;101-1,000 employees;https://bx-branding-gateway.cloud.seek.com.au/de677466-d76e-4227-95f5-e846b78dd302.1/jdpLogo
https://id.jobstreet.com/id/job/91678732?type=standard&ref=search-standalone&origin=jobCard#sol=78032b7a857937dd43b5b3f74b17c0e734c33a16;ESQ Group;Jakarta Raya;IT Support;"Minimal S1 Sistem Informasi / Teknik Informatika
KualifikasiMinimal S1 Sistem Informasi / Teknik InformatikaMemiliki sertifikasi dasar (CCNA / MCSA) menjadi nilai tambahMenguasai troubleshooting hardware (PC, laptop, printer) dan OS (Windows/Linux)Memahami dasar jaringan (TCP/IP, LAN, WAN, konfigurasi Wi-Fi)Berpengalaman dalam pengembangan atau maintenance aplikasi berbasis LaravelMenguasai manajemen database MySQL (struktur tabel, query, dan optimasi)Mampu mengelola inventaris aset IT dan perawatan perangkat secara berkalaMemiliki soft skills: teliti, jujur, komunikatif, dan mampu bekerja sesuai SLAPengalaman minimal 1 tahun atau fresh graduate dengan portofolio relevanMemahami dasar keamanan siber dan bersedia ditempatkan di Menara 165Job DescriptionMenangani technical support terkait hardware, software, dan aplikasi internalMengembangkan dan memelihara aplikasi internal berbasis LaravelMengelola database MySQL (integritas data, struktur, dan backup)Melakukan preventive maintenance perangkat komputer dan jaringanMelakukan instalasi OS, aplikasi, dan konfigurasi perangkat jaringanMengelola inventory aset IT dan dokumentasi keluar-masuk perangkatMemantau stabilitas jaringan dan koneksi internet kantorMenyusun laporan berkala terkait kendala teknis dan status perbaikanBerkoordinasi dengan vendor untuk perbaikan lanjutan atau klaim garansiMenjaga kerapihan, kebersihan, dan standarisasi ruang lab IT
Bergabunglah dengan jutaan pencari kerja di seluruh dunia menggunakan alat dan wawasan pembentukan karier kami.";Rp 5.700.000 – Rp 6.500.000 per month;Meja Bantuan & Dukungan IT (Teknologi Informasi & Komunikasi);Teknik Informatika, Resolving Hardware Issues, Mesin Cetak, Sistem Operasi Windows;S1;Full time;101-1,000 employees;https://bx-branding-gateway.cloud.seek.com.au/6926eb37-c669-4439-898a-1e7b3ab475c5.2/jdpLogo
https://id.jobstreet.com/id/job/91883351?type=standard&ref=search-standalone&origin=jobCard#sol=979a1cb36d626500848696ec0342b2da55eae36e;PT Agro Lino Sejahtera;Jakarta Raya;IT Admin;"We are looking for an experienced candidate who can manage our company’s network and computer infrastructure. You will be responsible for software / hardware installation and upgrades, troubleshooting to resolve IT issues, coordinating with various IT teams etc.

IT Admin responsibilities:
We are looking for an experienced candidate who can manage our company’s network and computer infrastructure. You will be responsible for software / hardware installation and upgrades, troubleshooting to resolve IT issues, coordinating with various IT teams etc.

IT Admin responsibilities:1.       Local SPOC for all support related to the Desktop/laptop/Application issues2.       Must have a good understanding of the organization and their infrastructure. Carry out maintenance activity of network and servers located in office premises if needed.3.       Manage installation and upgrades of software and hardware.4.       Cross team collaboration with central IT Servicedesk, infrastructure, infosec and network security teams.5.       Ensure smooth onboarding for new joiner and provide ready to use desktop / laptop. Coordinate with central IT team for user account creation and install software related to endpoint security6.       Ensure end point compliance for all user accounts as per company’s policies and procedure7.       Documenting processes, as well as backing up and archiving data.8.       Data retrieval and recovery processes9.       Keep track of asset inventory of office’s IT equipment10.    Ability to multi-task and adapt to changes quickly11.    Maintain, operate and support Audio/Video conferencing facilities in office premises.12.    Engage with local vendors for the procurement of software / hardware

Skills and qualifications required:1.       Bachelor's degree in computer science, information technology, information systems, or similar.2.       At least 2 years’ experience in IT Admin / support role3.       Troubleshooting experience with the following:a.       Windows Operating systemsb.       Active Directoryc.        O365 Suite Applicationsd.       SAPe.       VPN (Ivanti, Pulse secure etc.)f.         Cybersecurity products e.g. Zscaler, Crowdstrike etc.g.       VDIh.       Knowledge on endpoint management suites like SCCM, Desktop Central4.       Windows/Linux/Cisco certification is preferred 5.       Fluency (Oral and written both) in English mandatory6.       Good analytical and problem-solving skills7.       ITIL Certification will be advantageous.
Bergabunglah dengan jutaan pencari kerja di seluruh dunia menggunakan alat dan wawasan pembentukan karier kami.";Rp 10.000.000 – Rp 12.000.000 per month;Meja Bantuan & Dukungan IT (Teknologi Informasi & Komunikasi);Information Technology Administration, Instalasi, Hardware, Dokumentasi;Bachelor, Degree;Full time;1-50 employees;https://bx-branding-gateway.cloud.seek.com.au/090882b1-92ea-470b-81a5-258bc7b4d7bc.1/jdpLogo
https://id.jobstreet.com/id/job/91834171?type=standard&ref=search-standalone&origin=jobCard#sol=5c41ea88a1b0f3eccb03c3cbc7446652a91ed3b2;Valdo;Jakarta Raya;IT Technical Support;"As the first level for resolving problems related to PC Desktop/Laptop (Hardware & Software)
As the first level for resolving problems related to PC Desktop/Laptop (Hardware & Software) Installing & configuring Windows OS and supporting applications for PC Desktop/Laptop. Installing & configuring Printers, Scanners and other PC Desktop Devices.Ensure that the PC Desktop/Laptop has standard security applications installedEnsure that the PC Desktop/Laptop has implemented patch updates and required hardening configuration accordingEnsure that the each of the security agent is always updated and connected to the server.Handle escalation ticket for any end user computing devices to provide necessary troubleshooting and escalation according to SLAConduct escalation on End user computing repairs & warranty claims to the VendorMaintain end user computing device Inventory and track asset usage
Minimum D3 on IT or related fieldMinimum have 2 years experience related IT Helpdesk & IT Technical Support.Have experience in Banking Industry is advantage.Familiar with Endpoint devices (PC, Laptop, Printers ) for installation, configuration and troubleshooting.Have good communication in Bahasa & EnglishCustomer orientedStrong analytical  and problem solving skills.
Bergabunglah dengan jutaan pencari kerja di seluruh dunia menggunakan alat dan wawasan pembentukan karier kami.";Rp 6.000.000 – Rp 7.000.000 per month;Meja Bantuan & Dukungan IT (Teknologi Informasi & Komunikasi);Tidak Disebutkan;D3;Kontrak/Temporer;1,001-5,000 employees;https://bx-branding-gateway.cloud.seek.com.au/79bb1f22-8250-48fe-8732-b67501581a73.1/jdpLogo
https://id.jobstreet.com/id/job/91818234?type=standard&ref=search-standalone&origin=jobCard#sol=b3dce5212e66a8f45b8a5695b3f2536c6e068788;OTO Group;Jakarta Selatan, Jakarta Raya;IT Administration Staff;"Job Purpose
Mendukung kegiatan administrasi operasional Divisi IT, termasuk pengelolaan dokumen, aset, pembelian, serta koordinasi kebutuhan operasional dan project IT.
Job Purpose
Mendukung kegiatan administrasi operasional Divisi IT, termasuk pengelolaan dokumen, aset, pembelian, serta koordinasi kebutuhan operasional dan project IT.Job ResponsibilitiesMengelola administrasi pembelian barang IT (fixed asset & non fixed asset), termasuk pembuatan SPB, koordinasi dengan Purchasing, monitoring, dan dokumentasi.Mengelola administrasi stok, aset, serta pencatatan barang IT masuk/keluar.Menangani proses perbaikan barang IT rusak serta monitoring status perbaikan kepada user terkait.Mengelola administrasi tagihan, pembayaran vendor, surat menyurat, dan kontrak kerja sama pihak ketiga.Mendukung administrasi project IT, termasuk kebutuhan operasional, konsumsi, dan akomodasi project.Menyusun laporan kerja berkala, KPI, review, dan rekomendasi kepada atasan.Menjalin koordinasi yang baik dengan unit kerja internal maupun pihak ketiga.Menjalankan proses kerja sesuai kebijakan perusahaan serta melakukan continuous improvement di area kerja.Requirements
Pendidikan minimal S1 Teknik Informatika / Sistem Informasi / bidang IT terkait.Menguasai Microsoft Office (terutama Excel), Outlook, Project, dan Visio.Terbiasa menggunakan Zoom dan Microsoft Teams.Memahami administrasi arsip yang rapi dan sistematis.Memahami konsep IT Asset Management dan IT Policy.Memiliki kemampuan komunikasi, koordinasi, dan administrasi yang baik.Memiliki pengetahuan Project Management menjadi nilai tambah.
Bergabunglah dengan jutaan pencari kerja di seluruh dunia menggunakan alat dan wawasan pembentukan karier kami.";Tidak Disebutkan;Asisten Administratif (Administrasi & Dukungan Perkantoran);Tidak Disebutkan;S1;Full time;More than 10,000 employees;https://bx-branding-gateway.cloud.seek.com.au/8f320dbf-5ac3-4032-9c14-d60021a92be4.2/jdpLogo
https://id.jobstreet.com/id/job/91529832?type=standard&ref=search-standalone&origin=jobCard#sol=869a09cfbf0ad1fa03b517b073d8e67707b06a00;PT. BBA;Jakarta Utara, Jakarta Raya;IT SPECIALIST;"LOWONGAN KERJA – IT SUPPORT (HARDWARE & NETWORK)
LOWONGAN KERJA – IT SUPPORT (HARDWARE & NETWORK)Posisi: IT SupportPenempatan: Jakarta UtaraStatus: Full Time Deskripsi Pekerjaan:1. Melakukan instalasi, konfigurasi, dan maintenance perangkat hardware (PC, laptop, printer, dll)2. Melakukan troubleshooting hardware dan software3. Mengelola dan memonitor jaringan (LAN/WAN/WiFi)4. Melakukan konfigurasi perangkat jaringan (router, switch, access point)5. Menangani masalah user terkait IT (helpdesk support)6. Melakukan backup data dan memastikan keamanan sistem7. Dokumentasi aktivitas IT dan inventory perangkat Kualifikasi:1. Pendidikan minimal SMK/D3/S1 Teknik Informatika / Sistem Informasi / sejenis2. Pengalaman minimal 1–2 tahun di bidang IT Support (fresh graduate dipertimbangkan)3. Menguasai troubleshooting hardware & software4. Memahami konsep jaringan (TCP/IP, DHCP, DNS, VLAN)5. Menguasai perangkat jaringan seperti Mikrotik / Cisco / Ubiquiti menjadi nilai tambah6. Familiar dengan OS Windows & basic Linux7. Mampu bekerja mandiri maupun tim8. Memiliki kemampuan komunikasi yang baikNilai Tambah:1. Memiliki sertifikasi seperti MTCNA / CCNA2. Pengalaman handle jaringan kantor / industri3. Pernah menggunakan sistem ticketing ITBenefit:Gaji kompetitif (nego sesuai pengalaman)BPJS Kesehatan & KetenagakerjaanTunjangan makan / transport (opsional)Bonus kinerja (opsional)";Rp 5.500.000 – Rp 6.000.000 per month;Meja Bantuan & Dukungan IT (Teknologi Informasi & Komunikasi);IT Technical Support, Hardware, Instalasi, Mesin Cetak;S1, SMK, D3;Full time;5,001-10,000 employees;https://bx-branding-gateway.cloud.seek.com.au/e1f1a743-6fc3-4baf-8dd0-7a1d24cb860b.2/jdpLogo
https://id.jobstreet.com/id/job/91881681?type=standard&ref=search-standalone&origin=jobCard#sol=5869aade56fba2c1ee395f5163cfecf5cd6a0d2f;Yayasan Gema Kasih Yobel;Jakarta Raya;STAF IT;"Kualifikasi:
Kualifikasi:Pendidikan min. S1 Ilmu Komputer.Menguasai sistem operasi komputer (Server, desktop, dan laptop).Menguasai sistem jaringan komputer.Menguasai pemecahan masalah komputer (Jaringan, wifi, dan perangkat).Memiliki ide inovatif untuk di implementasikan ke pekerjaan guna menjadi efisien dalam hal apapun.Dapat bekerja dalam Tim.
Tanggung Jawab:Mengelola SIS (Sistem infra Sekolah).Instalasi keperluan komputerisasi.Mengelola server dan network dan mengerti sistem jaringan komputerMemperbaiki berbagai macam kerusakan di Hardware, Software, dan Network.Membantu penginputan administrasi sekolah.
Bergabunglah dengan jutaan pencari kerja di seluruh dunia menggunakan alat dan wawasan pembentukan karier kami.";Tidak Disebutkan;Administrasi Jaringan & Sistem (Teknologi Informasi & Komunikasi);Sistem Jaringan, Jaringan Komputer, Instalasi, Perbaikan;S1;Full time;51-100 employees;https://bx-branding-gateway.cloud.seek.com.au/9c55417e-c03d-4b11-95b5-7021be2d4557.1/jdpLogo
https://id.jobstreet.com/id/job/91509412?type=standard&ref=search-standalone&origin=jobCard#sol=51009765c675d9b889b0fd5a7ac80fa829ef9735;Cartenz Group;Jakarta Raya;IT Technical Operation;"Hello kandidat
Hello kandidatDibutuhkan segera IT Technical Operation
Bersedia ditempatkan di Provinsi BaliJobdesk- Mampu melakukan meeting dengan klien dan agenda teknis lainnya dalam hal mengumpulkan data dana analisa.- Mampu menjadi customer service- mampu mengatasi log error ( baik filezilla ataupun db )- Mampu berkolaborasi dengan tim internal- ⁠mampu berkendara roda 2Kualifikasi:- Pendidikan minimal SMK jurusan Komputer atau sejenis- ⁠Berpengalaman sebagai IT support- ⁠Mampu menganalisa masalah- ⁠Mampu berkomunikasi dengan baik- ⁠Memahami dasar hardware computer dan software- ⁠Memahami dasar jaringan- ⁠Cekatan, Komunikatif, Mampu bekerja sama dengan tim.- ⁠Mampu bekerja dengan target.- ⁠Penempatan Provinsi BALIBersedia bertemu client 

Benefit :o Gaji Pokoko Tunjangano BPJS TK dan JKKo Tempat Tinggal(jika tidak berada di Provinsi Bali)o Transport berangkat dan pulang(Untuk yang berdomisili diluar Provinsi Bali)
Bergabunglah dengan jutaan pencari kerja di seluruh dunia menggunakan alat dan wawasan pembentukan karier kami.";Tidak Disebutkan;Meja Bantuan & Dukungan IT (Teknologi Informasi & Komunikasi);Tidak Disebutkan;SMK;Kontrak/Temporer;51-100 employees;https://bx-branding-gateway.cloud.seek.com.au/8ede2638-124c-47a4-b82b-209c4edeacca.1/jdpLogo
https://id.jobstreet.com/id/job/91553047?type=standard&ref=search-standalone&origin=jobCard#sol=5fd22fdb5118c51f5aa24f779519ac899e116c24;Prima Solution Integration;Jakarta Barat, Jakarta Raya;IT Support / Operator ( 3 position );"Bachelor Degree (S1) from Technical / System Information or related technical education with IPK > 3.0
Bachelor Degree (S1) from Technical / System Information or related technical education with IPK > 3.0Minimum 1 years experienced in related fieldGood command in EnglishGood attitude & pro-active personFamiliar with Network (Cisco, Juniper) & Security (Firewall, Endpoint Protection) productAble to work underpressureAble to work independentAble to work as a team workAble to work at customer on site & shiftingPlease send your CV with complete education transcript, not late than 2 ( two ) weeks from now
Bergabunglah dengan jutaan pencari kerja di seluruh dunia menggunakan alat dan wawasan pembentukan karier kami.";Tidak Disebutkan;Meja Bantuan & Dukungan IT (Teknologi Informasi & Komunikasi);Tidak Disebutkan;Bachelor, S1, Degree;Kontrak/Temporer;11-50 employees;https://bx-branding-gateway.cloud.seek.com.au/94649678-c667-4b7d-99b5-96c782fd4245.1/jdpLogo
https://id.jobstreet.com/id/job/91681074?type=standard&ref=search-standalone&origin=jobCard#sol=cff83a543e0b057e62cb96ece1b5162517283678;Pengiklan Anonim;Jakarta Raya;Commercial Operation Manager;"Min. Bachelor Degree (S-1)Experience to work at commercial area such as Mall, FnB, Public Recration, or Commercial Area.Strong leadership and experienced lead the team.Experience as Operations, Marketing, or Leasing Manager will be added value.Highly motivated, strong skills and hospitality oriented.Having strong analytical, negotiation, and presentation skills.Results and service oriented with an eye for details.Ability to multi-task, work well in stressful & high-pressure situations.Willing to placed in All Companies Commercial project. (Jabodetabek Area)
About the companyWe are one of property development company in Indonesia. known for developing various types of projects in the Greater of Jakarta and West Java, such as Residential housing, Shopping malls, and Commercial areas. Currently seeking an experienced Operational Commercial Manager in our Commercial area project to oversee operations and drive business growth.Requirements:Min. Bachelor Degree (S-1)Experience to work at commercial area such as Mall, FnB, Public Recration, or Commercial Area.Strong leadership and experienced lead the team.Experience as Operations, Marketing, or Leasing Manager will be added value.Highly motivated, strong skills and hospitality oriented.Having strong analytical, negotiation, and presentation skills.Results and service oriented with an eye for details.Ability to multi-task, work well in stressful & high-pressure situations.Willing to placed in All Companies Commercial project. (Jabodetabek Area)Key Responsibilities:Responsible and Oversee overall daily operations across several department to ensure smooth and efficient business execution.In charge of completing the occupancy of Commercial area.Develop a work plan & operational annual budget.Ensure discipline, accountability, and strong team culture across the organization.
*Only Shorlisted Candidate will be contacted.
Results and service oriented with an eye for details.
Responsible and Oversee overall daily operations across several department to ensure smooth and efficient business execution.
In charge of completing the occupancy of Commercial area.
Develop a work plan & operational annual budget.
Ensure discipline, accountability, and strong team culture across the organization.";Tidak Disebutkan;Penjualan Komersil, Penyewaan & Manajemen Properti (Real Estat & Properti);Tidak Disebutkan;Bachelor, Degree;Full time;201-500 employees;Tidak Disebutkan
https://id.jobstreet.com/id/job/91812363?type=standard&ref=search-standalone&origin=jobCard#sol=738534d2afea37c512a4f6825b1f0163b21896e1;PT. KOPI BINTANG INDONESIA;Jakarta Utara, Jakarta Raya;3D Store Designer - Staff;"Qualifications:

-) Minium Education : Diploma (D3)
-) 1–3 years of working experience in relevant fields (FnB and retail)
-) Willing to be placed at Landmark Pluit, North Jakarta

Responsibilities:-) Execute existing layouts into store layouts that comply with Tomoro design standards and operational needs.
-) Execute approved layouts into refined 3D designs that fully meet Tomoro’s aesthetic and functional standards.
-) Execute store layout and 3D design development based on Tomoro design guidelines to deliver finalized, management-approved store designs that are ready for execution and support smooth project implementation.
-) Follow Up overall design development, incorporating feedback and revisions until final design approval from management and partners.
-) Support project teams during store execution by providing design clarifications and addressing design-related issues so that construction aligns with Tomoro design standards.
-) Process store tenant information from clients into store designs based on Tomoro design guidelines.";Tidak Disebutkan;Desain Interior (Desain & Arsitektur);Tidak Disebutkan;Diploma, D3;Full time;201-500 employees;https://bx-branding-gateway.cloud.seek.com.au/4356063f-ce83-4886-9b17-a3dcef49f535.2/jdpLogo
https://id.jobstreet.com/id/job/91746538?type=standard&ref=search-standalone&origin=jobCard#sol=68ec43467230bbdb58683e02647b56cb86757a8d;PT TRI BOGA INVESTAMA;Jakarta Raya;CHEF DE PARTIE ( CDP ) - RESTAURANT SEAFOOD;"Bersedia ditempatkan di PIK Dan Gading SerpongPendidikan minimal SMK/ Sederajat Perhotelan/tata bogaBerusia maksimal 38 tahunMemiliki pengalaman dibidang fnb ( seafood dan chinese food lebih diutamakan )Minimal 3 thn sbg CDPBersedia bekerja dengan sistem shift termasuk hari liburMemiliki inisiatif dan mau belajar hal baruMemiliki passion dibidang Fnb ( khususnya chinese / seafood )
PT. Tri Boga Investama adalah perusahaan yang memiliki beberapa brand di antaranya : Gudeg Mercon Bu Prih (IDD PIK 2, SCBD, MKG 3, SMB dan Gading Serpong ), Republik Seafood Papua (PIK 2) Dan Gading Serpong ( Coming Soon ) , dan Semuran (GADING SERPONG). Tri Boga Investama Group berkolaborasi dengan salah satu youtuber terkenal (food vloger) Nex Carlos bersama UMKM daerah yang di bawa dan dikembangkan di Jakarta.Republik Seafood adalah kolaborasi UMKM yang berasal dari Papua dengan salah satu Youtuber (Food Vloger) terkenal Nex Carlos.
Kualifikasi :Bersedia ditempatkan di PIK Dan Gading SerpongPendidikan minimal SMK/ Sederajat Perhotelan/tata bogaBerusia maksimal 38 tahunMemiliki pengalaman dibidang fnb ( seafood dan chinese food lebih diutamakan )Minimal 3 thn sbg CDPBersedia bekerja dengan sistem shift termasuk hari liburMemiliki inisiatif dan mau belajar hal baruMemiliki passion dibidang Fnb ( khususnya chinese / seafood )
Tugas & Tanggung JawabMelaksanakan kontrol ketepatan jumlah pengorderan barang dan Personal or Kitchen Hygiene di tiap sectionMelakukan pengawasan dan meminimalkan waste barangMelaksanakan kontrol dan pengecekan standar penerimaan kualitas bahan bakuMembantu pelaksanaan training dan peningkatan kemampuan/performa/kinerja individu staf kitchen.Melakukan kontrol inventori harian, mingguan, dan bulananMelakukan kontrol penggunaan bahan di outletMelakukan pengaturan jadwal kerja & disiplin staf kitchenBertanggung jawab terhadap perawatan asset di section kitchenMelaporkan kepada atasan apabila ada kerusakan yang terjadi di area kitchenMembantu section lain jika dibutuhkan

Benefits:THRBPJS Ketenagakerjaan
Memiliki inisiatif dan mau belajar hal baru
Melaksanakan kontrol ketepatan jumlah pengorderan barang dan Personal or Kitchen Hygiene di tiap section
Melakukan pengawasan dan meminimalkan waste barang
Melaksanakan kontrol dan pengecekan standar penerimaan kualitas bahan baku
Membantu pelaksanaan training dan peningkatan kemampuan/performa/kinerja individu staf kitchen.
Melakukan kontrol inventori harian, mingguan, dan bulanan";Tidak Disebutkan;Chef/Koki (Hospitaliti & Pariwisata);Tidak Disebutkan;SMK;Full time;1,001-5,000 employees;https://bx-branding-gateway.cloud.seek.com.au/3b44656b-dc39-4c23-9b8d-97673413cff3.2/jdpLogo
https://id.jobstreet.com/id/job/91806332?type=standard&ref=search-standalone&origin=jobCard#sol=7cb7f13f3830969644952f057d88a534102cb4c3;INTI BOGA SUKSES BERJAYA;Jakarta Raya;Supervisor Restoran;"- Pengalaman:
Minimal 5 tahun di bidang manajemen restoran atau posisi serupa.
Pengalaman di restoran dengan konsep serupa (casual, Cafe, dll.).
- Keahlian Manajerial:
Mengelola tim (front of house dan back of house).
Membuat jadwal kerja, evaluasi kinerja staf, dan pelatihan.
Mengawasi operasional harian, termasuk pelayanan, kebersihan, dan kepuasan pelanggan.
- Keuangan dan Administrasi:
Mengelola anggaran, pengeluaran, dan laporan keuangan.
Kontrol inventory dan food cost.
Kemampuan menganalisis data penjualan untuk meningkatkan profitabilitas.
Kepemimpinan:
Mampu memotivasi dan membangun tim yang solid.
Menangani konflik di tempat kerja dengan bijaksana.
- Layanan Pelanggan:
Memastikan standar pelayanan terbaik kepada pelanggan.
Menangani keluhan pelanggan dengan solusi cepat dan memuaskan.
- Soft Skills:
Komunikasi yang baik dengan semua pihak (staf, supplier, dan pelanggan).
Problem solving dan pengambilan keputusan cepat di situasi kritis.
- Pendidikan:
Diploma/Sarjana di bidang perhotelan, manajemen bisnis, atau pengalaman setara.
- Pengetahuan:
Tren kuliner, strategi pemasaran, dan standar kebersihan restoran.";Tidak Disebutkan;Mandor/Supervisor (Konstruksi);Tidak Disebutkan;Sarjana, Diploma;Full time;1-50 employees;https://bx-branding-gateway.cloud.seek.com.au/457d0eef-e7b0-4fb1-8b58-5bbf59d57498.1/jdpLogo
https://id.jobstreet.com/id/job/91412913?type=standard&ref=search-standalone&origin=jobCard#sol=7f6cf8739edfe52f796cd9ac8468da28c56aa274;PT Hiro Group Indonesia;Jakarta Utara, Jakarta Raya;Learning & Development Staff;"Design, plan, and deliver engaging training sessions for new employeesEvaluate training effectiveness and provide feedback for continuous improvementConduct refresher and development programs for existing employee.
Hiro Group Indonesia, the most famous F&B company in Indonesia looking for Learning & Development staff whose expert in delegating training to team operational outlet. This position will be responsible to upgrade SDM knowledge Outlet Operational
Job DescriptionDesign, plan, and deliver engaging training sessions for new employeesEvaluate training effectiveness and provide feedback for continuous improvementConduct refresher and development programs for existing employee.
Job Requirements:Bachelor's Degree (S1) in Psychology, Human Resources, Education, or relevant fieldsMinimum 1 year of experience as a Trainer or Learning & Development in FnB IndustryStrong communication and presentation skills
Bachelor's Degree (S1) in Psychology, Human Resources, Education, or relevant fields
Minimum 1 year of experience as a Trainer or Learning & Development in FnB Industry
Strong communication and presentation skills";Tidak Disebutkan;Pelatihan & Pengembangan (Sumber Daya Manusia & Perekrutan);Tidak Disebutkan;Bachelor, S1, Degree;Full time;201-500 employees;https://bx-branding-gateway.cloud.seek.com.au/09195d0d-94ad-4764-af88-97e38525f00d.1/jdpLogo
https://id.jobstreet.com/id/job/91510241?type=standard&ref=search-standalone&origin=jobCard#sol=b4cb892145b942f9f5d444f26fbee4d75dcb3daa;PT Pendekar Bodoh;Jakarta Raya;Division Head of FAT;"Maximum 45 years.Minimum S1 majoring in Accounting.Minimum 5 years experience in the same position in food industry and FnB is preferred.Have data analysis and financial planning skills.Mastering the financial statement cycle according to accounting principles.Mastering Microsoft Office and accounting software.Have analytical and risk management skills from FAT.Have critical skills, withstand pressure, multi-tasking, analytical thinking &; problem solving.
Required skills and qualifications:Maximum 45 years.Minimum S1 majoring in Accounting.Minimum 5 years experience in the same position in food industry and FnB is preferred.Have data analysis and financial planning skills.Mastering the financial statement cycle according to accounting principles.Mastering Microsoft Office and accounting software.Have analytical and risk management skills from FAT.Have critical skills, withstand pressure, multi-tasking, analytical thinking &; problem solving. ResponsibilitiesPrepare monthly Financial Statements including Income Statement, Balance Sheet and Cash Flow Statement based on information from the Company.Make and verify monthly and annual tax reports (SPT Annual), both in the form of individual taxes such as Income Tax / Pph Article 21, Pph Article 23, Pph Article 25, Pph Article 29 and Final Income Tax Article 4 (2) and / or Value Added Tax (VAT), and others related.Conduct monthly analysis related to operational finance and actual vs. budget analysis.Implement Standard Operating Procedure (SOP) in finance, accounting and tax teams.Perform daily operational verification tasks, such as Account Payable, Account Receivable, Cash Management, etc. activities.Conduct monthly accrue, and bank reconciliation.Monitoring and analyzing monthly cash flow needs to be reported to the Board of Directors.Coordinate with the company's financial consultants if necessary, can make financial projections for the company's strategic plan.Carry out important matters mandated by superiors / BOD, related to matters concerning the Company's policy for business operational management processes related to Finance, Accounting and Tax, and do not conflict with the interests and objectives of the company.
Have analytical and risk management skills from FAT.
Prepare monthly Financial Statements including Income Statement, Balance Sheet and Cash Flow Statement based on information from the Company.
Make and verify monthly and annual tax reports (SPT Annual), both in the form of individual taxes such as Income Tax / Pph Article 21, Pph Article 23, Pph Article 25, Pph Article 29 and Final Income Tax Article 4 (2) and / or Value Added Tax (VAT), and others related.
Conduct monthly analysis related to operational finance and actual vs. budget analysis.
Implement Standard Operating Procedure (SOP) in finance, accounting and tax teams.
Perform daily operational verification tasks, such as Account Payable, Account Receivable, Cash Management, etc. activities.";Tidak Disebutkan;Akuntansi & Pelaporan Finansial (Akuntansi);Tidak Disebutkan;S1;Kontrak/Temporer;1,001-5,000 employees;https://bx-branding-gateway.cloud.seek.com.au/62000753-c9b4-4ec4-92f9-346ee087f3f6.1/jdpLogo
https://id.jobstreet.com/id/job/91529828?type=standard&ref=search-standalone&origin=jobCard#sol=cad8505386d14e7113f8c9612aaf7ebf960dd0e9;PT Sedap Artha Perkasa;Tebet, Jakarta Raya;Staff Purchasing (Resto);"Melakukan pembelian bahan baku makanan & minuman sesuai kebutuhan operasional restoMencari, membandingkan, dan mengevaluasi supplier (fresh food, dry goods, packaging, dll)Melakukan negosiasi harga, kualitas, dan ketepatan waktu pengirimanMemastikan ketersediaan bahan baku agar operasional dapur berjalan lancarMengontrol kualitas bahan yang dibeli sesuai standar (freshness, expiry, dll)Membuat dan mengelola Purchase Order (PO) serta memastikan kesesuaian dengan permintaanBerkoordinasi dengan kitchen, gudang, dan finance terkait kebutuhan dan stokMonitoring pengiriman dan memastikan barang diterima sesuai pesananMengelola data supplier dan melakukan evaluasi performa supplier secara berkalaMembuat laporan pembelian, pengeluaran, dan efisiensi costMembantu menjaga efisiensi (cost control) tanpa mengurangi kualitas bahan
PT. Sedap Artha Perkasa perusahaan yang bergerak di bidang FnB (Restoran), sedang membutuhkan Purchasing segera.
Jobdesk :Melakukan pembelian bahan baku makanan & minuman sesuai kebutuhan operasional restoMencari, membandingkan, dan mengevaluasi supplier (fresh food, dry goods, packaging, dll)Melakukan negosiasi harga, kualitas, dan ketepatan waktu pengirimanMemastikan ketersediaan bahan baku agar operasional dapur berjalan lancarMengontrol kualitas bahan yang dibeli sesuai standar (freshness, expiry, dll)Membuat dan mengelola Purchase Order (PO) serta memastikan kesesuaian dengan permintaanBerkoordinasi dengan kitchen, gudang, dan finance terkait kebutuhan dan stokMonitoring pengiriman dan memastikan barang diterima sesuai pesananMengelola data supplier dan melakukan evaluasi performa supplier secara berkalaMembuat laporan pembelian, pengeluaran, dan efisiensi costMembantu menjaga efisiensi (cost control) tanpa mengurangi kualitas bahan
Kualifikasi :Pendidikan minimal D3/S1 (diutamakan Manajemen, Perhotelan, Tata Boga, atau terkait)Memiliki pengalaman minimal 1 tahun di purchasing/procurement, diutamakan dari industri F&B/restoMemahami jenis bahan baku makanan (fresh & dry) dan standar kualitasnyaMemiliki jaringan supplier bahan makanan menjadi nilai tambahMampu melakukan negosiasi harga dengan baik dan berorientasi pada efisiensi biayaTeliti, detail, dan memiliki kemampuan administrasi yang baikMampu bekerja cepat dalam lingkungan operasional yang dinamisMemiliki kemampuan komunikasi dan koordinasi yang baik dengan tim kitchen & operasionalTerbiasa menggunakan Microsoft Excel (olah data & laporan) dan system accurateMemiliki integritas tinggi dan mampu bekerja di bawah tekananBersedia bekerja mobile untuk survey supplier bila diperlukanASAP
Berkoordinasi dengan kitchen, gudang, dan finance terkait kebutuhan dan stok
Pendidikan minimal D3/S1 (diutamakan Manajemen, Perhotelan, Tata Boga, atau terkait)
Memiliki pengalaman minimal 1 tahun di purchasing/procurement, diutamakan dari industri F&B/resto
Memahami jenis bahan baku makanan (fresh & dry) dan standar kualitasnya
Memiliki jaringan supplier bahan makanan menjadi nilai tambah
Mampu melakukan negosiasi harga dengan baik dan berorientasi pada efisiensi biaya";Tidak Disebutkan;Pembelian, Pengadaan & Inventaris (Manufaktur, Transportasi & Logistik);Tidak Disebutkan;S1, D3;Full time;201-500 employees;https://bx-branding-gateway.cloud.seek.com.au/81c515d8-2d18-4702-8576-9aad7b763902.1/jdpLogo
https://id.jobstreet.com/id/job/91582903?type=standard&ref=search-standalone&origin=jobCard#sol=88a139f327872d7c352844a3fc9561f7809d24b9;Tidak Disebutkan;Jakarta Raya;HR MANAGER – MULTI-OUTLET F&B GROUP;"MEMBUAT SISTEM HR YANG BISA BERTUMBUH UNTUK MENSUPPORT OPERASIONAL MULTI OUTLETMEMBUAT PERENCANAAN TAHUNAN HR DAN MANPOWER PLANNING
ANNJOY GROUPANNJOY GROUP adalah Perusahaan F&B yang bertumbuh, mengelola multiple brands dan outlets di Jakarta. Dengan 200 karyawan dan rencana ekspansi, Annjoy Group mencari strategic HR Manager untuk memimpin Human Resource Department. Posisi ini melapor langsung kepada Director dan berperan dalam pengambilan keputusan strategis perusahaanHR MANAGER – MULTI-OUTLET F&B GROUPSYARAT:·       MINIMUM 5 TAHUN SEBAGAI HR MANAGER/HR SUPERVISOR DI KAPASITAS YANG SAMA·       S1 PSYCHOLOGY/MANAGEMENT/ HUKUM/ BIDANG YANG BERHUBUNGAN·       PENGALAMAN DI BIDANG FNB/MULTI-OUTLET/RETAIL DIUTAMAKAN·       PENGETAHUAN DI HUKUM KETENAGAKERJAAN·       PENGALAMAN DALAM MEMBANGUN SYSTEM HR, SOP, KPI DAN PERFORMANCE MANAGEMENT·       PENGALAMAN DALAM MENGELOLA TIM HR DAN GAJOB DESCRIPTION:1️⃣ PENGEMBANGAN STRATEGY HR·       PERAN STRATEGIK DALAM MEMBINA SDM SEHINGGA SESUAI DENGAN KEBUTUHAN PERUSAHAAN YANG BERKEMBANGMEMBUAT SISTEM HR YANG BISA BERTUMBUH UNTUK MENSUPPORT OPERASIONAL MULTI OUTLETMEMBUAT PERENCANAAN TAHUNAN HR DAN MANPOWER PLANNING2️⃣ MENGELOLA STRUKTUR ORGANISASI DAN SDM·       MEMBUAT STRUKTUR DAN LEVELING KARYAWAN TERMASUK BENEFIT TERKAITMEMBUAT JENJANG KARIR DAN PERENCANAAN KADERISASI3️⃣ PERENCANAAN REKRUTMENT·       MANAGE PROCESS RECRUITMENTMENENTUKAN BRANDING STRATEGY UNTUK PERUSAHAAN (DALAM HAL SDM)MEMASTIKAN SDM DITEMPATKAN DI TEMPAT YANG SESUAI4️⃣ PERFORMA DAN KULTUR PERUSAHAANMEMBUAT SISTEM KPI DAN SISTEM EVALUASI PERFORMANCEMENINGKATKAN PERAN KARYAWAN DAN BUDAYA PERUSAHAANMENGURANGI TURNOVER KARYAWAN DAN MENINGKATKAN PRODUKTIVITAS 5️⃣ HUKUM DAN ADMINISTRASIMENGUASAI HUKUM KETENAGAKERJAAN YANG BERLAKUMENGELOLA PAYROLL, BPJS DAN SISTEM ADMINISTRASI HR
6️⃣ LEADERSHIP & EFISIENSIMENGELOLA HR & GA teamMENINGKATKAN EFISIENSI OPERATIONALBERTINDAK SEBAGAI STRATEGIC PARTNER KEPADA MANAGEMENT
Apakah kamu berpengalaman dalam pekerjaan administrasi?
MEMBUAT JENJANG KARIR DAN PERENCANAAN KADERISASI";Tidak Disebutkan;Manajemen – Internal (Sumber Daya Manusia & Perekrutan);Tidak Disebutkan;S1;Full time;200 karyawan;https://bx-branding-gateway.cloud.seek.com.au/e3bf4413-9651-416e-b221-dea97d67f7bb.1/jdpLogo
https://id.jobstreet.com/id/job/91893809?type=standard&ref=search-standalone&origin=jobCard#sol=9954fbc23f09270fa2e5e75635fc5333e8a72bd7;Toko Kopi Klasik;Tebet, Jakarta Raya;senior cook;"memiliki pengalaman minimal 3 tahun kerja di industri fnb (hotel, cafe, resto)berpengalaman handle high volume kitchen (jam ramai), workflow managenement dan konsistensi produkTerbiasa bekerja dalam lingkungan yang cepat dan dinamis, dengan kemampuan untuk memprioritaskan dan menyelesaikan tugas tepat waktu.
Persyaratan:memiliki pengalaman minimal 3 tahun kerja di industri fnb (hotel, cafe, resto)berpengalaman handle high volume kitchen (jam ramai), workflow managenement dan konsistensi produkTerbiasa bekerja dalam lingkungan yang cepat dan dinamis, dengan kemampuan untuk memprioritaskan dan menyelesaikan tugas tepat waktu.Tanggung Jawab:Mengawasi dan mengoordinasikan operasi dapur panas, memastikan efisiensi dan kualitas makanan yang konsisten.Mempersiapkan, memasak, dan menyajikan berbagai hidangan utama, makanan pembuka, dan hidangan penutup dengan standar tinggi.Melatih dan membimbing tim dapur panas, memastikan seluruh staf mengikuti prosedur keselamatan dan sanitasi.Berkolaborasi dengan tim manajemen untuk merencanakan dan mengelola anggaran bahan makanan.Menjaga kebersihan dan kerapian area kerja dapur sesuai dengan standar industri.
Mengawasi dan mengoordinasikan operasi dapur panas, memastikan efisiensi dan kualitas makanan yang konsisten.
Mempersiapkan, memasak, dan menyajikan berbagai hidangan utama, makanan pembuka, dan hidangan penutup dengan standar tinggi.
Melatih dan membimbing tim dapur panas, memastikan seluruh staf mengikuti prosedur keselamatan dan sanitasi.
Berkolaborasi dengan tim manajemen untuk merencanakan dan mengelola anggaran bahan makanan.
Menjaga kebersihan dan kerapian area kerja dapur sesuai dengan standar industri.";Tidak Disebutkan;Chef/Koki (Hospitaliti & Pariwisata);Tidak Disebutkan;Tidak Disebutkan;Full time;501-1,000 employees;Tidak Disebutkan
https://id.jobstreet.com/id/job/91550512?type=standard&ref=search-standalone&origin=jobCard#sol=699c85899c6c6fcdeefb7b37a5ec0d6663768774;PT. Seilera Berkah Kulina;Jakarta Barat, Jakarta Raya;KOL & Affiliate Specialist;"Mencari, menentukan, dan mengatur kolaborasi dengan KOL/influencer yang sesuai dengan identitas brand dan target audience.Bernegosiasi skema partnership dengan business partners dan KOL/influencers.Mengatur pengiriman sampel produk, memastikan konten tayang tepat waktu, dan memantau penggunaan link/kode referral.Menganalisa performa campaign menggunakan metriks yang tersedia (GMV, converstion rate) dan memberikan insights yang strategic.Membangun database partners dan KOL/influencers.Mengelola administrasi pengiriman sampel dan laporan efektivitas setiap KOL & affiliate.Update dengan KOL/influencers yang relevan dengan industri dan brand.
Responsibilities:Mencari, menentukan, dan mengatur kolaborasi dengan KOL/influencer yang sesuai dengan identitas brand dan target audience.Bernegosiasi skema partnership dengan business partners dan KOL/influencers.Mengatur pengiriman sampel produk, memastikan konten tayang tepat waktu, dan memantau penggunaan link/kode referral.Menganalisa performa campaign menggunakan metriks yang tersedia (GMV, converstion rate) dan memberikan insights yang strategic.Membangun database partners dan KOL/influencers.Mengelola administrasi pengiriman sampel dan laporan efektivitas setiap KOL & affiliate.Update dengan KOL/influencers yang relevan dengan industri dan brand.
Requirements:Pengalaman min. 1 tahun di bidang KOL/influencer dan affiliate marketing atau digital marketing.Memahami ekosistem social media (Instagram, Threads, X, Tiktok) dan plaform marketplace (Tiktok Shop, Shopee)Memiliki kemampuan analisis data campaign (ER, CTR, GMV, Conversion)Terbiasa membuat brief konten dan memahami strategi konten yang perform.Memiliki kemampuan komunikasi dan negosiasi yang baik dengan KOL/agencyDetail oriented, terorganisir, dan mampu mengelola multiple campaign secara bersamaanMemiliki pengalaman di industri FnB, retail, atau FMCG diutamakan.Bersedia penempatan kerja di Head Office (Meruya, Jakarta Barat) dan Work From Anywhere.
Update dengan KOL/influencers yang relevan dengan industri dan brand.
Pengalaman min. 1 tahun di bidang KOL/influencer dan affiliate marketing atau digital marketing.
Memahami ekosistem social media (Instagram, Threads, X, Tiktok) dan plaform marketplace (Tiktok Shop, Shopee)
Memiliki kemampuan analisis data campaign (ER, CTR, GMV, Conversion)
Terbiasa membuat brief konten dan memahami strategi konten yang perform.
Memiliki kemampuan komunikasi dan negosiasi yang baik dengan KOL/agency";Tidak Disebutkan;Pemasaran Digital & Pencarian (Pemasaran & Komunikasi);Tidak Disebutkan;Tidak Disebutkan;Full time;1,001-5,000 employees;https://bx-branding-gateway.cloud.seek.com.au/bb3ee666-830f-45e2-b705-9e988022a3ad.1/jdpLogo
https://id.jobstreet.com/id/job/91801312?type=standard&ref=search-standalone&origin=jobCard#sol=ecb91dff07d91381aa6cf883e771f02d968b5841;PT Gunung Subur Sejahtera;Jakarta Utara, Jakarta Raya;SENIOR BRAND MANAGER (FMCG – Tea & Coffee);"Retail (General Trade & Modern Trade)HoReCa (Hotel, Restaurant, Café)F&B Service (Quick Service Beverages – Gardoe Express)ExportE-commerce
About the CompanyPT Gunung Subur Sejahtera (GSS) is a globally-oriented tea and coffee beverages company with established brands, Kepala Djenggot and Teh Gardoe (www.gss.co.id).Established in 1951 and headquartered in Solo, Central Java, GSS combines a strong heritage with continuous innovation in delivering high-quality tea and coffee products.Over the past 2–3 years, GSS has been undergoing a major business transformation, strengthening its leadership team and expanding capabilities across key channels. Strategic hires include National Sales Manager, Business Development Managers (HoReCa & F&B Service), National Key Account Manager, IT Manager, and Accounting Manager—reflecting our commitment to building a high-performance organization.Our business is driven by five core units:Retail (General Trade & Modern Trade)HoReCa (Hotel, Restaurant, Café)F&B Service (Quick Service Beverages – Gardoe Express)ExportE-commerceWith a strong focus on innovation, product development, and modern technology adoption, we continue to accelerate growth and expand our market presence.We are now entering the next phase of transformation and are looking for a Senior Brand Manager who is ready to take on a strategic role in shaping brand direction, driving innovation, and scaling the business across channels.Head Office
Jl. Raya Jaten KM 9, Karanganyar - Central JavaMarketing Office
Sunter, JakartaRole PurposeThis role is designed for a strategic thinker who can drive brand growth beyond marketing execution.As Brand Manager, you will lead the development of clear brand positioning, differentiated value, and consistent brand experience, ensuring strong alignment between brand strategy, consumer relevance, and business performance.
Key ResponsibilitiesBrand Strategy & PositioningDefine and sharpen brand positioning, value proposition, and differentiationEnsure each brand has a distinct role and meaning in the consumer’s mindTranslate insights into clear, actionable brand strategyIntegrated Marketing ExecutionLead end-to-end campaign development (ATL, BTL, Digital, Activation)Develop strong content and communication pillarsEnsure consistent brand messaging across all touchpointsBusiness & Commercial AlignmentCollaborate closely with Sales to ensure brand supports distribution and revenue growthStrengthen brand presence across Retail, FnB Service, HoReCa, and B2B channelsBalance short-term sales performance with long-term brand equityConsumer & Market InsightDrive deep understanding of consumer behavior and market dynamicsUtilize both data analytics and field observationIdentify growth opportunities and emerging trendsBrand Governance & ConsistencyEstablish and maintain brand guidelines and governance systemEnsure cross-functional alignment (Marketing, Sales, Product)Conduct periodic brand performance evaluationQualificationsBachelor’s degree in Marketing, Business, or related field (Master’s degree is a plus)Minimum 5–8 years of experience in Brand/Marketing, preferably in FMCGProven experience in managing and growing established brandsStrong understanding of: 1. Brand positioning & differentiation 2. Consumer insight & behavior 3. Integrated marketing strategyDemonstrated ability to translate strategy into executionStrong commercial mindset (understands link between brand & revenue)Experience working cross-functionally with Sales and Operations
What We’re Looking ForThinks beyond campaigns and understands brand as a business driverCan build meaningful, differentiated brands—not just visible onesBalances creativity with analytical thinkingHas the confidence to challenge the status quo and drive transformationDemonstrates strong ownership, leadership, and execution discipline
Only shortlisted candidates will be contacted.
Experience working cross-functionally with Sales and Operations
Define and sharpen brand positioning, value proposition, and differentiation
Ensure each brand has a distinct role and meaning in the consumer’s mind
Translate insights into clear, actionable brand strategy";Tidak Disebutkan;Manajemen Brand (Pemasaran & Komunikasi);Tidak Disebutkan;Degree, Master;Full time;5,001-10,000 employees;https://bx-branding-gateway.cloud.seek.com.au/76f3bdf5-e71c-4144-8268-a503d97d7f03.1/jdpLogo
https://id.jobstreet.com/id/job/91424450?type=standard&ref=search-standalone&origin=jobCard#sol=d0711c232332584b4517e71f3e95b5f984fcacb8;PT Adecco Personnel Indonesia;Jakarta Selatan, Jakarta Raya;Account Manager - FnB Client - Online Transportation Company;"Drive growth purchase in enterprise merchant as measured by number of active customer and GMV (Gross Merchandise Value)Maintaining new and existing pipeline enterprise merchant and build strong client relationshipsDrive operational excellence by working with the merchants and operations teamsRespond to complaints and resolve issues to ensure customer success and satisfactionAnalyze performance data and update regular performance reports and monitoringHandle administrative tasks, such as updating reports, sent invoice and process PO from client, and coordinating with other teams.
ADECCO INDONESIA - Account Manager for FnB Account - WE ARE HIRING!Job Title: Account Manager for FnB AccountLocation: South JakartaIndustry: Multinational Online Transportation Platform CompanyEmployment Type: 6 months contract under Adecco Indonesia (Extendable)
JOB DETAILSDrive growth purchase in enterprise merchant as measured by number of active customer and GMV (Gross Merchandise Value)Maintaining new and existing pipeline enterprise merchant and build strong client relationshipsDrive operational excellence by working with the merchants and operations teamsRespond to complaints and resolve issues to ensure customer success and satisfactionAnalyze performance data and update regular performance reports and monitoringHandle administrative tasks, such as updating reports, sent invoice and process PO from client, and coordinating with other teams.Requirements :Experienced account management or business development on enterprise account (F&B industry preferable) Min 1 year experienceMin. S1 or D3Able to working on field and officeAble to handle excel and power pointGood communication skills (English conversant, good presentation skill and negotiation skill)D3 or Bachelor’s degree in Business, Marketing, Hospitality, or a related fieldProven experience in account management or key account roles, preferably serving F&B enterprise or multi-outlet customers (minimum 1 year)Strong understanding of F&B operations, supply chain, pricing, and service-level requirements are would be a Plus.Open for different industries being managed in the past, big commercial accountDemonstrated ability to manage complex client relationships, contracts, and commercial negotiationsExcellent communication, stakeholder management, and problem-solving skillsData-driven mindset with analytical thinking, familiarity with sales reporting, or performance tracking tools
Proven experience in account management or key account roles, preferably serving F&B enterprise or multi-outlet customers (minimum 1 year)
Experienced account management or business development on enterprise account (F&B industry preferable) Min 1 year experience
Min. S1 or D3
Able to working on field and office
Able to handle excel and power point
Good communication skills (English conversant, good presentation skill and negotiation skill)";Tidak Disebutkan;Manajemen Akun & Relasi (Penjualan);Tidak Disebutkan;Bachelor, S1, Degree, D3;Kontrak/Temporer;5,001-10,000 employees;https://bx-branding-gateway.cloud.seek.com.au/8bf55df3-090b-4784-b8f1-d052057165c7.2/jdpLogo
https://id.jobstreet.com/id/job/91718085?type=standard&ref=search-standalone&origin=jobCard#sol=b1c6a2f067e947c86fc7a010248e3815fa456613;CV. RAZ ANDHARA;Jakarta Barat, Jakarta Raya;Finance;"Max 35 thDiutamakan pengalaman Accounting min 2 tahunDiutamakan pengalaman di bidang retail, fnb, bridal menjadi nilai tambahMampu membuat persentasi laporan keuangan secara mendetail & profesionalMemilki pemahaman akuntansi yg kuat, detail oriented dan analistisDiutamakan menguasai program/software accurate, myob, zahir & sistem sejenisnyaBisa bekerja dalam tim dan berkomunikasi dgn baikMengerti rumus2 excel dengan baikBisa pendataan dan paham perhitungan accountingBisa input pajak jadi nilai plusFast respon / sigap dalam bekerja
Max 35 thDiutamakan pengalaman Accounting min 2 tahunDiutamakan pengalaman di bidang retail, fnb, bridal menjadi nilai tambahMampu membuat persentasi laporan keuangan secara mendetail & profesionalMemilki pemahaman akuntansi yg kuat, detail oriented dan analistisDiutamakan menguasai program/software accurate, myob, zahir & sistem sejenisnyaBisa bekerja dalam tim dan berkomunikasi dgn baikMengerti rumus2 excel dengan baikBisa pendataan dan paham perhitungan accountingBisa input pajak jadi nilai plusFast respon / sigap dalam bekerja
Bisa bekerja dalam tim dan berkomunikasi dgn baik";Tidak Disebutkan;Akuntansi & Pelaporan Finansial (Akuntansi);Tidak Disebutkan;Tidak Disebutkan;Full time;51-200 employees;https://bx-branding-gateway.cloud.seek.com.au/1d5d6ccd-dd05-4c61-b8cf-51dc086c914f.1/jdpLogo
https://id.jobstreet.com/id/job/91510467?type=standard&ref=search-standalone&origin=jobCard#sol=466537964b17a57a90fbee3616130563ea8bbe17;PT Griya Miesejati (Bakmi GM);Jakarta Raya;MT - Assistant Store Supervisor;"Pendidikan S1 segala jurusan dengan IPK minimal 3,00 (Skala 4)Minimal memiliki 1 tahun pengalaman kerja di bidang yang sama FNBMenyukai pekerjaan lapangan / Operasional / ShiftingMemiliki kemampuan kerjasama yang baik serta ketahanan kerja yang tinggiMemiliki kemauan untuk belajar dan mampu bekerja dengan detail yang tinggiBersedia mengikuti program MT selama 6 bulan
Kualifikasi:Pendidikan S1 segala jurusan dengan IPK minimal 3,00 (Skala 4)Minimal memiliki 1 tahun pengalaman kerja di bidang yang sama FNBMenyukai pekerjaan lapangan / Operasional / ShiftingMemiliki kemampuan kerjasama yang baik serta ketahanan kerja yang tinggiMemiliki kemauan untuk belajar dan mampu bekerja dengan detail yang tinggiBersedia mengikuti program MT selama 6 bulanDeskripsi Pekerjaan:Memastikan Standar prosedur service berjalan sesuai dengan prosedur yang telah ditetapkan.Menjaga QSC (Quality, Service, Cleanliness).Mengatur Sumber Daya untuk emmenuhi arget kinerja harian/shift.memonitor dan mengendalikan target kerja harian.Mengevaluasi pelaksanaan dan pencapaian target kerja harian.Persyaratan Umum untuk Operational Functions:Menyukai pekerjaan lapangan di RestoranBersedia bekerja di hari Sabtu/ Minggu/ Hari BesarBersedia kerja ShiftPenempatan di Jabodetabek
Memastikan Standar prosedur service berjalan sesuai dengan prosedur yang telah ditetapkan.
Menjaga QSC (Quality, Service, Cleanliness).
Mengatur Sumber Daya untuk emmenuhi arget kinerja harian/shift.
memonitor dan mengendalikan target kerja harian.
Mengevaluasi pelaksanaan dan pencapaian target kerja harian.";Tidak Disebutkan;Manajemen – Departemen/Asisten (Ritel & Produk Konsumen);Tidak Disebutkan;S1;Full time;1-50 employees;https://bx-branding-gateway.cloud.seek.com.au/6a0750d1-25e2-42ef-8446-a73c0a245fe5.1/jdpLogo
https://id.jobstreet.com/id/job/91669698?type=standard&ref=search-standalone&origin=jobCard#sol=70b643a41e78c12169fd915b37d56d3fad0b72d2;Tidak Disebutkan;Jakarta Raya;SPV;"Mengawasi dan menkoordinasi tim, memastikan kinerja yang konsisten dan berkualitas tinggi dalam memberikan layanan kepada pelanggan/customer.Mengelola penjadwalan, pelatihan, dan pengembangan tim untuk memastikan mereka siap memberikan pengalaman terbaik bagi pelanggan.Memantau dan memastikan kepatuhan terhadap standar operasional dan prosedur perusahaan.Mengidentifikasi dan menyelesaikan masalah atau keluhan pelanggan secara efektif.Berkontribusi pada peningkatan proses dan prosedur untuk meningkatkan efisiensi operasional.Membantu dalam penyusunan anggaran dan pengelolaan biaya departemen.
Kesempatan
PT Tri Boga Abadi, perusahaan di bidang food and beverage, saat ini sedang mencari Supervisor (SPV) yang berpengalaman dan berdedikasi untuk bergabung dengan tim kami di Jakarta Raya. Sebagai SPV, Anda akan memainkan peran kunci dalam memastikan pengalaman pelanggan yang luar biasa dan mengelola operasional harian kami dengan efisiensi yang tinggi.Tanggung JawabMengawasi dan menkoordinasi tim, memastikan kinerja yang konsisten dan berkualitas tinggi dalam memberikan layanan kepada pelanggan/customer.Mengelola penjadwalan, pelatihan, dan pengembangan tim untuk memastikan mereka siap memberikan pengalaman terbaik bagi pelanggan.Memantau dan memastikan kepatuhan terhadap standar operasional dan prosedur perusahaan.Mengidentifikasi dan menyelesaikan masalah atau keluhan pelanggan secara efektif.Berkontribusi pada peningkatan proses dan prosedur untuk meningkatkan efisiensi operasional.Membantu dalam penyusunan anggaran dan pengelolaan biaya departemen.Kualifikasi yang DibutuhkanMinimal memiliki 1-3 tahun pengalaman sebagai supervisor atau dalam peran manajemen operasional di industri food and beverage.Memiliki pemahaman yang kuat tentang standar layanan pelanggan yang unggul.Kemampuan kepemimpinan dan manajemen tim yang terbukti.Kemampuan komunikasi yang baik, baik secara lisan maupun tertulis.Memiliki kemampuan organisasi dan manajemen waktu yang baik.Memahami tren dan praktik terbaik di industri hospitality.ManfaatPaket remunerasi yang kompetitif.Kesempatan untuk mengembangkan karier dalam lingkungan yang dinamis dan kolaboratif.Budaya perusahaan yang mendukung keseimbangan kehidupan bekerja.Tentang Kami
PT Tri Boga Abadi adalah perusahaan terkemuka di bidang layanan food and beverage. Kami berkomitmen untuk memberikan pengalaman luar biasa bagi para pelanggan/customer kami melalui pelayanan yang unggul dan inovatif. Kami bangga dapat menawarkan lingkungan kerja yang dinamis, kolaboratif, dan mendukung pertumbuhan karier Anda.
Minimal memiliki 1-3 tahun pengalaman sebagai supervisor atau dalam peran manajemen operasional di industri food and beverage.
Memiliki pemahaman yang kuat tentang standar layanan pelanggan yang unggul.
Kemampuan kepemimpinan dan manajemen tim yang terbukti.
Kemampuan komunikasi yang baik, baik secara lisan maupun tertulis.
Memiliki kemampuan organisasi dan manajemen waktu yang baik.";Tidak Disebutkan;Pelayan (Hospitaliti & Pariwisata);Tidak Disebutkan;Tidak Disebutkan;Full time;1-50 employees;https://bx-branding-gateway.cloud.seek.com.au/dc4d1d19-29fd-4591-8048-98a7d214d9b8.1/jdpLogo
https://id.jobstreet.com/id/job/91442111?type=standard&ref=search-standalone&origin=jobCard#sol=8835b2ae2aff4404908cd180ba249b0aa8e51cf9;PT TRI BOGA INVESTAMA;Jakarta Raya;COOK - GUDEG MERCON BU PRIH SCBD;"DIBUTUHKAN SEGERA !Bersedia ditempatkan di SCBD (Sudirman Central Business District)Pendidikan minimal SMA/SMKMemiliki pengalaman menjadi Cook khususnya Masakan IndonesiaMemahami teknik dasar memasak dan bahan makananBerpenampilan rapi dan bersihJujur dan mampu berkomunikasi dengan baikBertanggung jawab dan dapat bekerja sama dalam timSiap bekerja secara shift, termasuk hari besar dan tanggal merah
PT. Tri Boga Investama adala perusahaan yang bergerak dibidang FnB dan sekarang sudah memiliki beberapa brand (Gudeg Mercon Bu Prih, Republik Seafood, dan Semuran).Gudeg Mercon Bu Prih adalah kolaborasi UMKM yang berasal dari Yogyakarta dengan salah satu Youtuber (Food Vloger) terkenal Nex Carlos. Saat ini Gudeg Mercon Bu Prih sudah memiliki 5 cabang (IDD PIK 2, SCBD, MKG 3, SMB, dan Hampton GS)Kualifikasi & PengalamanDIBUTUHKAN SEGERA !Bersedia ditempatkan di SCBD (Sudirman Central Business District)Pendidikan minimal SMA/SMKMemiliki pengalaman menjadi Cook khususnya Masakan IndonesiaMemahami teknik dasar memasak dan bahan makananBerpenampilan rapi dan bersihJujur dan mampu berkomunikasi dengan baikBertanggung jawab dan dapat bekerja sama dalam timSiap bekerja secara shift, termasuk hari besar dan tanggal merahTugas & Tanggung JawabMengelola dapur dalam pengadaan, produksi, penyiapan, dan penyajian makanan sesuai dengan Standar Operasional Prosedur (SOP)Menjaga kualitas rasa makanan dan melakukan quality control (QC)Bekerja sama dengan tim dapur dan bagian lainnya untuk kelancaran operasionalMenjaga kebersihan area kerja dan peralatan masakBenefit lainnya :THR BPJS Ketenagakerjaan
Jujur dan mampu berkomunikasi dengan baik
Mengelola dapur dalam pengadaan, produksi, penyiapan, dan penyajian makanan sesuai dengan Standar Operasional Prosedur (SOP)
Menjaga kualitas rasa makanan dan melakukan quality control (QC)
Bekerja sama dengan tim dapur dan bagian lainnya untuk kelancaran operasional
Menjaga kebersihan area kerja dan peralatan masak";Tidak Disebutkan;Chef/Koki (Hospitaliti & Pariwisata);Tidak Disebutkan;SMA, SMK;Full time;1,001-5,000 employees;https://bx-branding-gateway.cloud.seek.com.au/6da0be59-9210-4f51-9f94-8f62151036c1.2/jdpLogo
https://id.jobstreet.com/id/job/91512104?type=standard&ref=search-standalone&origin=jobCard#sol=0b928a5f8b1b43882d6136e57feab9c02580fc59;PT TRI BOGA INVESTAMA;Jakarta Utara, Jakarta Raya;COOK HELPER - CENTRAL KITCHEN GUDEG MERCON BU PRIH;"DIBUTUHKAN SEGERA !Bersedia ditempatkan di PIK 2Pendidikan minimal SMA/SMKMemahami teknik dasar memasak dan bahan makananTerbiasa melakukan prepare makananMemiliki pengalaman teknik produk vacuumBerpenampilan rapi dan bersihJujur dan mampu berkomunikasi dengan baikBertanggung jawab dan dapat bekerja sama dalam tim
PT. Tri Boga Investama adala perusahaan yang bergerak dibidang FnB dan sekarang sudah memiliki beberapa brand (Gudeg Mercon Bu Prih, Republik Seafood dan Semuran).Gudeg Mercon Bu Prih adalah kolaborasi UMKM yang berasal dari Yogyakarta dengan salah satu Youtuber (Food Vloger) terkenal Nex Carlos. Saat ini Gudeg Mercon Bu Prih sudah memiliki 5 cabang (IDD PIK 2, SCBD, MKG 3, SMB, Hampton GS).Kualifikasi & PengalamanDIBUTUHKAN SEGERA !Bersedia ditempatkan di PIK 2Pendidikan minimal SMA/SMKMemahami teknik dasar memasak dan bahan makananTerbiasa melakukan prepare makananMemiliki pengalaman teknik produk vacuumBerpenampilan rapi dan bersihJujur dan mampu berkomunikasi dengan baikBertanggung jawab dan dapat bekerja sama dalam tim
Tugas & Tanggung JawabMengelola dapur dalam pengadaan, produksi, penyiapan, dan penyajian makanan sesuai dengan Standar Operasional Prosedur (SOP)Menjaga kualitas rasa makanan dan melakukan quality control (QC)Menjaga kebersihan area kerja dan peralatan masak
Benefit lainnya :THR BPJS Ketenagakerjaan
Berpenampilan rapi dan bersih
Mengelola dapur dalam pengadaan, produksi, penyiapan, dan penyajian makanan sesuai dengan Standar Operasional Prosedur (SOP)
Menjaga kualitas rasa makanan dan melakukan quality control (QC)
Menjaga kebersihan area kerja dan peralatan masak";Tidak Disebutkan;Asisten & Staf Dapur (Hospitaliti & Pariwisata);Tidak Disebutkan;SMA, SMK;Full time;1,001-5,000 employees;https://bx-branding-gateway.cloud.seek.com.au/6da0be59-9210-4f51-9f94-8f62151036c1.2/jdpLogo
https://id.jobstreet.com/id/job/91360144?type=standard&ref=search-standalone&origin=jobCard#sol=11dc8d2693fc9de1efd0b55f4e5dab193ea6e76c;PT TRI BOGA INVESTAMA;Jakarta Utara, Jakarta Raya;FINANCE ADMIN FNB CORPORATE;"Dibutuhkan cepat & Bersediakan ditempatkan PIK 2Pendidikan Minimal Diploma atau Sarjana Akutansi / Sejenisnya Pemahaman yang kuat tentang prinsip-prinsip keuangan dan prosedur akuntansiDiutamakan berpengalaman sebagai accounting dan Finance Minimal 1 TahunMampu mengoperasikan komputer (Ms Office) & mampu bekerja menggunakan system (Familiar dengan Gsheet)Memiliki kemampuan bekerjasama dengan teamMemiliki kemampuan interpersonal yang baik
Tri Boga Investama Group adalah perusahaan yang memiliki beberapa brand di antaranya : Gudeg Mercon Bu Prih (IDD PIK 2, SCBD, MKG 3, dan SMB), Republik Seafood Papua (PIK 2), dan Ubi Tiri (PIK 2). Tri Boga Investama Group berkolaborasi dengan salah satu youtuber terkenal (food vloger) Nex Carlos bersama UMKM daerah yang di bawa dan dikembangkan di Jakarta.

KUALIFIKASI :Dibutuhkan cepat & Bersediakan ditempatkan PIK 2Pendidikan Minimal Diploma atau Sarjana Akutansi / Sejenisnya Pemahaman yang kuat tentang prinsip-prinsip keuangan dan prosedur akuntansiDiutamakan berpengalaman sebagai accounting dan Finance Minimal 1 TahunMampu mengoperasikan komputer (Ms Office) & mampu bekerja menggunakan system (Familiar dengan Gsheet)Memiliki kemampuan bekerjasama dengan teamMemiliki kemampuan interpersonal yang baik TUGAS & TANGGUNG JAWAB:Mencatat transaksi keuangan secara akuratMelakukan administrasi pembayaran tagihanMelakukan Pemeriksaan terkait transaksi keuangan dengan baikMelakukan rekonsiliasi keuangan terkait transaksi pembayaran Memantau transaksi pembayaran Membantu dan mendukung data-data lain yang dibutuhkan atasanBertanggung jawab dalam seluruh administrasi yang berhubungan dengan financeBENEFIT:BPJS KetenagakerjaanTHR
Memiliki kemampuan interpersonal yang baik
Mencatat transaksi keuangan secara akurat
Melakukan administrasi pembayaran tagihan
Melakukan Pemeriksaan terkait transaksi keuangan dengan baik
Melakukan rekonsiliasi keuangan terkait transaksi pembayaran
Memantau transaksi pembayaran";Tidak Disebutkan;Asisten Administratif (Administrasi & Dukungan Perkantoran);Tidak Disebutkan;Sarjana, Diploma;Full time;1,001-5,000 employees;https://bx-branding-gateway.cloud.seek.com.au/a66f351f-f7f5-41ea-940a-f91cebf687a5.2/jdpLogo
https://id.jobstreet.com/id/job/91902048?type=standard&ref=search-standalone&origin=jobCard#sol=e69b2184f982404f7d51cc69bac9abe0fd08c2df;PT Serveone MRO Indonesia;Jakarta Selatan, Jakarta Raya;Sales Operation Professional;"Liaising with customers to handle inquiries, process orders, and ensure timely deliveryCollaborating with cross-functional teams to enhance the overall FnB experienceIdentifying and addressing any operational bottlenecks or inefficienciesManage and coordinate day-to-day operation and issuesBuild a strong communication and negotiation with customer to solve an issueAssisting with the development and implementation of sales strategies and initiatives
About the role

We are seeking a talented and driven Sales Operation Professional to join our team at PT Serveone MRO Indonesia. This contract position will be based in South Jakarta, Jakarta Raya, and will play a crucial role in supporting our sales operations and driving business growth.What you'll be doingLiaising with customers to handle inquiries, process orders, and ensure timely deliveryCollaborating with cross-functional teams to enhance the overall FnB experienceIdentifying and addressing any operational bottlenecks or inefficienciesManage and coordinate day-to-day operation and issuesBuild a strong communication and negotiation with customer to solve an issueAssisting with the development and implementation of sales strategies and initiativesWhat we're looking forProven experience in a sales operations or customer service role, preferably in the FnB industry for more than 10 yearsHaving experience in FnB manufacturing is a plus pointExcellent communication and interpersonal skills, with the ability to liaise effectively with customers and internal stakeholdersStrong attention to detail and a commitment to delivering high-quality workStrong analytical and problem-solving skills, with the ability to interpret data and generate insightsProficiency in using Microsoft excel with formulaFamiliar in SAP is a plus pointA team player with a proactive and collaborative approachWhat we offer

At PT Serveone MRO Indonesia, we are committed to providing a supportive and rewarding work environment. We offer competitive compensation, opportunities for professional development, and a range of benefits to support your well-being and work-life balance.About us

PT Serveone MRO Indonesia is a leading provider of maintenance, repair, and operations (MRO) solutions. With a focus on delivering innovative and cost-effective services, we support clients across a wide range of industries. Our team is driven by a shared commitment to excellence and a passion for driving success for our customers.Apply now for this exciting opportunity to join our dynamic team and contribute to the growth of our business.
Familiar in SAP is a plus point
Proven experience in a sales operations or customer service role, preferably in the FnB industry for more than 10 years
Having experience in FnB manufacturing is a plus point
Excellent communication and interpersonal skills, with the ability to liaise effectively with customers and internal stakeholders
Strong attention to detail and a commitment to delivering high-quality work
Strong analytical and problem-solving skills, with the ability to interpret data and generate insights";Tidak Disebutkan;Perwakilan/Konsultan Penjualan (Penjualan);Tidak Disebutkan;Tidak Disebutkan;Kontrak/Temporer;5,001-10,000 employees;https://bx-branding-gateway.cloud.seek.com.au/828e579f-aebd-473d-add2-1af8c3e1fd92.1/jdpLogo
https://id.jobstreet.com/id/job/91458249?type=standard&ref=search-standalone&origin=jobCard#sol=e4f1cc7d67b6babf91a4454b6390a6e88876967a;PT. Indobake Mitra Perkasa;Jakarta Utara, Jakarta Raya;SUPERVISOR SALES (JAKARTA UTARA);"Memiliki pengalaman minimal 2 tahun berjualan (sales)Memiliki pengalaman minimal 3 tahun mengelola Tim Sales / Operational KantorMemiliki pengalaman di industri Bakery, FnB, atau Horeca (Hotel, Restaurant & Cafe)Mampu membangun dan menjaga hubungan yang kuat dengan klien atau calon klienMemiliki kemampuan interpersonal, komunikasi dan negosiasi yang baikBersedia bekerja di bawah tekanan dan berorientasi pada targetMemiliki SIM & kendaraan pribadiBersedia melakukan perjalanan luar kota dan melaksanakan training di luar kotaPenempatan : JAKARTA UTARA
Kami adalah PT Indobake Mitra Perkasa yang memiliki visi menjadi perusahaan penyedia peralatan bakery nomor 1 di Indonesia mencari individu yang sangat termotivasi dan sukses untuk bergabung dengan tim kami
Jadilah bagian dari Tim Sales INDOBAKE jika Anda memiliki kualifikasi sebagai berikut :Memiliki pengalaman minimal 2 tahun berjualan (sales)Memiliki pengalaman minimal 3 tahun mengelola Tim Sales / Operational KantorMemiliki pengalaman di industri Bakery, FnB, atau Horeca (Hotel, Restaurant & Cafe)Mampu membangun dan menjaga hubungan yang kuat dengan klien atau calon klienMemiliki kemampuan interpersonal, komunikasi dan negosiasi yang baikBersedia bekerja di bawah tekanan dan berorientasi pada targetMemiliki SIM & kendaraan pribadiBersedia melakukan perjalanan luar kota dan melaksanakan training di luar kotaPenempatan : JAKARTA UTARA
Tugas & Tanggung Jawab :Monitoring seluruh kegiatan team sales & mensupervisi pekerjaan team sales sesuai dengan bagian nya, Membantu / support team sales untuk tercapainya penjualan , database & NOO baru. Pelaksanaan reporting baik berupa daily report, monthly report &target tahunan (OKR)Membantu menghandle masalah yg dihadapi sales & customerMembantu memberikan konsultasi terhadap customer tentang produk bakeryMenghandle event perusahaan (Pameran, Baking demo, dll)Bertanggung jawab terhadap stok barang, budget operasional & kas cabangBertanggung jawab atas kegiatan operasional logistik beserta penjadwalannya
Memiliki SIM & kendaraan pribadi
Monitoring seluruh kegiatan team sales & mensupervisi pekerjaan team sales sesuai dengan bagian nya,
Membantu / support team sales untuk tercapainya penjualan , database & NOO baru.
Pelaksanaan reporting baik berupa daily report, monthly report &target tahunan (OKR)
Membantu menghandle masalah yg dihadapi sales & customer
Membantu memberikan konsultasi terhadap customer tentang produk bakery";Tidak Disebutkan;Manajemen – Area/Multi-lokasi (Ritel & Produk Konsumen);Tidak Disebutkan;Tidak Disebutkan;Full time;More than 10,000 employees;https://bx-branding-gateway.cloud.seek.com.au/543b1a7c-e2ae-41cf-8e7f-5149e55a61c2.1/jdpLogo
https://id.jobstreet.com/id/job/91914606?type=standard&ref=search-standalone&origin=jobCard#sol=7ba7257b76ebba974ac6a3b0d35c8c7195b4076f;Firstwish Bakery;Jakarta Utara, Jakarta Raya;Purchasing & Procurement Staff;"Mengelola proses pembelian barang dan bahan baku sesuai kebutuhan operasional perusahaanMelakukan perencanaan dan monitoring stok secara berkala (tidak overstock / out of stock)Mencari, membandingkan, dan mengevaluasi vendor/supplier untuk mendapatkan harga dan kualitas terbaikMelakukan negosiasi harga, terms pembayaran, dan lead time dengan supplierMembuat dan memproses Purchase Order (PO) serta memastikan ketepatan pengirimanBerkoordinasi dengan tim terkait (operasional, gudang, finance) terkait kebutuhan pembelianMelakukan pencatatan dan dokumentasi pembelian dengan rapi dan akuratMenjaga hubungan baik dengan supplier dan melakukan evaluasi performa supplier
Job DescriptionMengelola proses pembelian barang dan bahan baku sesuai kebutuhan operasional perusahaanMelakukan perencanaan dan monitoring stok secara berkala (tidak overstock / out of stock)Mencari, membandingkan, dan mengevaluasi vendor/supplier untuk mendapatkan harga dan kualitas terbaikMelakukan negosiasi harga, terms pembayaran, dan lead time dengan supplierMembuat dan memproses Purchase Order (PO) serta memastikan ketepatan pengirimanBerkoordinasi dengan tim terkait (operasional, gudang, finance) terkait kebutuhan pembelianMelakukan pencatatan dan dokumentasi pembelian dengan rapi dan akuratMenjaga hubungan baik dengan supplier dan melakukan evaluasi performa supplier
KualifikasiPendidikan minimal D3/S1 (diutamakan Ekonomi, manajemen, bisnis, atau logistik)Pengalaman minimal 3 tahun di bidang Purchasing / ProcurementMemiliki pengalaman di industri FnB (Food & Beverage) menjadi nilai tambahTerbiasa mengelola stok dan pembelian bahan baku / barang operasionalMemiliki kemampuan komunikasi dan negosiasi yang baikTeliti, rapi, dan memiliki kemampuan analisa yang baikTerbiasa menggunakan Microsoft Excel
Melakukan pencatatan dan dokumentasi pembelian dengan rapi dan akurat
Pendidikan minimal D3/S1 (diutamakan Ekonomi, manajemen, bisnis, atau logistik)
Pengalaman minimal 3 tahun di bidang Purchasing / Procurement
Memiliki pengalaman di industri FnB (Food & Beverage) menjadi nilai tambah
Terbiasa mengelola stok dan pembelian bahan baku / barang operasional
Memiliki kemampuan komunikasi dan negosiasi yang baik";Tidak Disebutkan;Pembelian, Pengadaan & Inventaris (Manufaktur, Transportasi & Logistik);Tidak Disebutkan;S1, D3;Full time;5,001-10,000 employees;https://bx-branding-gateway.cloud.seek.com.au/ba93d401-b051-4452-9775-743b8a00a4f3.2/jdpLogo
https://id.jobstreet.com/id/job/91922142?type=standard&ref=search-standalone&origin=jobCard#sol=0e03601419150d618f75d2a8abb4db05f55c8d57;Jakarta FnB;Jakarta Utara, Jakarta Raya;Restaurant Manager;"Anda RESTAURANT MANAGER memiliki JIWA LEADERSHIP yang KUAT, TEGAS mampu MELATIH TEAM menjadi EXCELLENT SERVICE???
Ingin memiliki PENGHASILAN HINGGA 200 JUTA/TAHUN?
Kami adalah perusahaan F&B dengan SPESIALISASI RESTORAN CHINESE FOOD dan memiliki beberapa grup restoran (A Hwa, Da Ge Big Brother, Fortune Star, Pesta Rasa Nusantara) yang sudah beroperasi di berbagai TEMPAT STRATEGIS di JAKARTA, dan mempunyai visi misi membuka cabang di KOTA-KOTA BESAR DI SELURUH INDONESIA.
JADILAH RESTAURANT MANAGER DI DA GE GROUPHanya Jika Anda:Memiliki pengalaman minimal 5 tahun sebagai Restaurant ManagerFasih berbahasa Mandarin (menjadi nilai plus)Memiliki kemampuan training karyawan ServiceMenguasai dan memahami SOP untuk Tim OperasionalMemiliki kemampuan untuk mengelola Event/Acara (Wedding, Sangjit, Birthday Party)
Benefit:Gaji BulananStaff MealBonus Performance
Seluruh proses Recruitment Jakarta FnB GRATISPerbaharui PROFIL Anda serta lampirkan CV/Resume terbaru
Mungkin Anda Orang Yang Kami Cari!
DAFTAR SEKARANG! Sebelum tanggal 20 MEI 2026
Do you have customer service experience?";Tidak Disebutkan;Manajemen (Hospitaliti & Pariwisata);Tidak Disebutkan;Tidak Disebutkan;Full time;1-50 employees;https://bx-branding-gateway.cloud.seek.com.au/e27915c8-5b8b-433b-86e0-50fb1eb3ce63.1/jdpLogo
https://id.jobstreet.com/id/job/91656777?type=standard&ref=search-standalone&origin=jobCard#sol=b986ed3f7383d0e6be2a179ac804caaf1cf0fdd0;PT TRI BOGA INVESTAMA;Jakarta Raya;COOK HELPER / PREPARATION SECTION  - RESTAURANT SEAFOOD PIK;"Dituhkan Cepat ( cook helper, Taho )Bersedia ditempatkan di PIK dan Gading Serpong
Tri Boga Investama Group adalah perusahaan yang memiliki beberapa brand di antaranya : Gudeg Mercon Bu Prih (IDD PIK 2, SCBD, MKG 3, SMB dan Gading Serpong ), Republik Seafood Papua (PIK 2) Dan Gading Serpong ( Coming Soon ) , dan Semuran (GADING SERPONG). Tri Boga Investama Group berkolaborasi dengan salah satu youtuber terkenal (food vloger) Nex Carlos bersama UMKM daerah yang di bawa dan dikembangkan di Jakarta.Republik Seafood adalah kolaborasi UMKM yang berasal dari Papua dengan salah satu Youtuber (Food Vloger) terkenal Nex Carlos.

Kualifikasi :Dituhkan Cepat ( cook helper, Taho )Bersedia ditempatkan di PIK dan Gading SerpongPendidikan minimal SMK/ Sederajat Perhotelan/tata bogaBerusia maksimal 30 tahunMemiliki pengalaman dibidang fnb ( seafood dan chinese food lebih diutamakan ) Minimal 1 thn sbg helper/taho ( Potong Sayur & Preparation bumbu ) / Fresh Graduate Dapat bekerja dibawah tekanan dan bekerja dengan cepat.Memiliki pengetahuan dalam jenis-jenis potongan sayur Bersedia bekerja dengan sistem shift termasuk hari libur    Memiliki inisiatif dan mau belajar hal baruMemiliki passion dibidang Fnb ( khususnya chinese / seafood )
Tugas & Tanggung Jawab Melakukan preparation sayur , bumbu Membantu head kitchen dalam mempersiapkan bumbu Mempersiapkan bahan-bahan masakan Membantu section-section apabila dibutuhkan 
Benefit Lainnya :THR
Bersedia bekerja dengan sistem shift termasuk hari libur
Pendidikan minimal SMK/ Sederajat Perhotelan/tata boga
Berusia maksimal 30 tahun
Memiliki pengalaman dibidang fnb ( seafood dan chinese food lebih diutamakan )
Minimal 1 thn sbg helper/taho ( Potong Sayur & Preparation bumbu ) / Fresh Graduate
Dapat bekerja dibawah tekanan dan bekerja dengan cepat.";Tidak Disebutkan;Chef/Koki (Hospitaliti & Pariwisata);Tidak Disebutkan;SMK;Full time;1,001-5,000 employees;https://bx-branding-gateway.cloud.seek.com.au/3b44656b-dc39-4c23-9b8d-97673413cff3.2/jdpLogo
https://id.jobstreet.com/id/job/91830721?type=standard&ref=search-standalone&origin=jobCard#sol=268237a4bdcf914d1090f771829c244ecebefc85;PT Puyo Indonesia Kreasi;Jakarta Selatan, Jakarta Raya;Barista Matchaman;"Menyiapkan dan menyajikan minuman matcha dan minuman lainnya dengan kualitas yang konsisten dan tampilan yang menarikMemastikan bahwa semua standar kebersihan dan keamanan diterapkan di area kerjaMemberikan pengalaman pelayanan pelanggan yang luar biasa dengan kepribadian yang ramah dan cekatanMembantu dalam tugas-tugas dapur terkait pembuatan minuman dan makanan ringan
Gambaran Umum Pekerjaan
akan bergabung dengan tim kami sebagai Barista Matcha untuk Brand Matchaman part of Puyo Group, perusahaan yang berfokus pada industri FnB. Dalam peran ini, Anda akan mengambil bagian penting dalam menciptakan pengalaman menikmati minuman yang luar biasa bagi pelanggan kami melalui penyajian minuman matcha premium dengan keterampilan barista yang ahli.Tanggung Jawab UtamaMenyiapkan dan menyajikan minuman matcha dan minuman lainnya dengan kualitas yang konsisten dan tampilan yang menarikMemastikan bahwa semua standar kebersihan dan keamanan diterapkan di area kerjaMemberikan pengalaman pelayanan pelanggan yang luar biasa dengan kepribadian yang ramah dan cekatanMembantu dalam tugas-tugas dapur terkait pembuatan minuman dan makanan ringanKeterampilan, Kualifikasi, dan Pengalaman yang DibutuhkanPendidikan minimal SMA/SMKMemiliki pengalaman minimal 1 tahun sebagai baristaTerampil dalam membuat minuman matcha dan minuman kopi premium dengan tampilan yang menarikMemiliki pengetahuan yang mendalam tentang bahan-bahan, teknik penyeduhan, dan presentasi minuman matchaMemiliki kemampuan komunikasi yang baik dan berorientasi pada pelayanan pelanggan yang primaRamah dan mampu bekerja dalam timPerhatian yang tinggi terhadap detail dan standar kebersihanPenempatan Jakarta Selatan
Perhatian yang tinggi terhadap detail dan standar kebersihan
Pendidikan minimal SMA/SMK
Memiliki pengalaman minimal 1 tahun sebagai barista
Terampil dalam membuat minuman matcha dan minuman kopi premium dengan tampilan yang menarik
Memiliki pengetahuan yang mendalam tentang bahan-bahan, teknik penyeduhan, dan presentasi minuman matcha
Memiliki kemampuan komunikasi yang baik dan berorientasi pada pelayanan pelanggan yang prima";Tidak Disebutkan;Staf Bar & Minuman (Hospitaliti & Pariwisata);Tidak Disebutkan;SMA, SMK;Full time;More than 10,000 employees;https://bx-branding-gateway.cloud.seek.com.au/9ffe69a6-a9c2-4390-a9a5-e1ec5dfaa674.1/jdpLogo
https://id.jobstreet.com/id/job/91809336?type=standard&ref=search-standalone&origin=jobCard#sol=fe71c3c27eda340879bdda1629a8d24f72cea9e8;Amah Kopitown;Jakarta Utara, Jakarta Raya;Cashier;"Punya pengalaman dalam bidang FnB sebagai kasirDisiplin, bertanggungjawab, teliti dan jujurMemiliki manner dan sikap positifBersedia kerja di hari besar dan weekendMemiliki kemampuan berkomunikasi yang baik dan ramahBisa mengoperasikan mesin kasirBerpenampilan rapi dan bersih
We're hiringCASHIERPersyaratan:Punya pengalaman dalam bidang FnB sebagai kasirDisiplin, bertanggungjawab, teliti dan jujurMemiliki manner dan sikap positifBersedia kerja di hari besar dan weekendMemiliki kemampuan berkomunikasi yang baik dan ramahBisa mengoperasikan mesin kasirBerpenampilan rapi dan bersih
Berpenampilan rapi dan bersih";Tidak Disebutkan;Lainnya (Hospitaliti & Pariwisata);Tidak Disebutkan;Tidak Disebutkan;Full time;More than 10,000 employees;https://bx-branding-gateway.cloud.seek.com.au/897d66f8-be48-4db2-a391-19705ec8c71f.2/jdpLogo
https://id.jobstreet.com/id/job/91499308?type=standard&ref=search-standalone&origin=jobCard#sol=069432af71048b623bfb49259d81c8f4650a8be5;PT Upartners Sukses Bersama;Jakarta Raya;Crew Outlet;"RESPONSIBILITY
(1) Pengalaman 1–2 tahun di café/juice bar/wellness F&B.(2) Pernah menangani cold-pressed juice atau jamu.(3) Terbiasa dengan POS dan standar kebersihan.(4) Komunikatif, rapi, dan cepat belajar. (5) Minat pada produk dan gaya hidup sehat.
QUALIFICATIONS
(1) Pengalaman minimal 1–2 tahun di café, juice bar, atau F&B wellness.(2) Wajib memiliki pengalaman menangani cold-pressed juice, jamu, atau minuman wellness sejenis.(3) Memahami dasar food safety, kebersihan, dan penggunaan peralatan bar.(4) Terbiasa menggunakan sistem POS serta menangani pembayaran tunai maupun non-tunai.(5) Memiliki kemampuan komunikasi dan pelayanan pelanggan yang baik.(6) Percaya diri dalam upselling dan memberikan rekomendasi produk.(7) Rapi, teliti, dan mampu bekerja cepat di lingkungan yang dinamis.(8) Memiliki minat pada gaya hidup sehat dan produk wellness menjadi nilai tambah.";Tidak Disebutkan;Pelayan (Hospitaliti & Pariwisata);Tidak Disebutkan;Tidak Disebutkan;Full time;More than 10,000 employees;https://bx-branding-gateway.cloud.seek.com.au/50c9226d-0177-4e26-bf5c-8af89ef7af5f.1/jdpLogo
https://id.jobstreet.com/id/job/91890252?type=standard&ref=search-standalone&origin=jobCard#sol=bf59ccb2d3a7e6ec61c499ef0b1c19c3a0fc90c3;PT Good Food Service;Jakarta Selatan, Jakarta Raya;Purchasing;"Melakukan pembelian bahan baku dan perlengkapan produksi sesuai kebutuhan dengan mempertimbangkan kualitas, kuantitas, dan waktu pengiriman.Berkoordinasi dengan tim produksi, logistik, dan keuangan untuk memantau tingkat persediaan dan mengidentifikasi kebutuhan pengadaan.Melakukan negosiasi dengan pemasok, memastikan harga, syarat, dan kondisi pengiriman yang kompetitif.Mengelola proses permintaan pembelian, pembayaran, dan pengiriman barang secara efisien.Mempelajari dan memahami tren pasar serta harga komoditas untuk pengambilan keputusan yang tepat.Menjaga hubungan baik dengan pemasok dan memantau kinerja mereka.Membuat laporan terkait Purchasing
Gambaran Umum Pekerjaan
PT Good Food Service, perusahaan Food and Beverages sedang mencari Purchasing Staff yang berpengalaman untuk bergabung dengan tim kami. Sebagai Purchasing Staff, Anda akan berperan penting dalam memastikan ketersediaan bahan baku dan persediaan yang dibutuhkan untuk mendukung operasional kami. Kantor kami beralamat di Kebayoran Baru, Jakarta Selatan.Tanggung Jawab UtamaMelakukan pembelian bahan baku dan perlengkapan produksi sesuai kebutuhan dengan mempertimbangkan kualitas, kuantitas, dan waktu pengiriman.Berkoordinasi dengan tim produksi, logistik, dan keuangan untuk memantau tingkat persediaan dan mengidentifikasi kebutuhan pengadaan.Melakukan negosiasi dengan pemasok, memastikan harga, syarat, dan kondisi pengiriman yang kompetitif.Mengelola proses permintaan pembelian, pembayaran, dan pengiriman barang secara efisien.Mempelajari dan memahami tren pasar serta harga komoditas untuk pengambilan keputusan yang tepat.Menjaga hubungan baik dengan pemasok dan memantau kinerja mereka.Membuat laporan terkait PurchasingKeterampilan, Kualifikasi, dan Pengalaman yang DibutuhkanPendidikan minimal lulusan SMA atau S1Minimal 2 tahun pengalaman kerja di bidang purchasing dan logistic perusahaan FnBMemiliki kemampuan negosiasi yang kuat dan keterampilan komunikasi yang baik.Mahir dalam menggunakan perangkat lunak perkantoran (Ms. Office) dan JurnalDapat bekerja dalam timMemiliki pengalaman bekerja di Korean BBQ Restaurant menjadi nilai plusTentang Kami
PT Good Food Service adalah perusahaan dari Korean BBQ Restaurant yang bernama Chung Gi Wa, resto kami berdiri sejak tahun 1997.
Jika Anda tertarik dan memenuhi persyaratan, silakan lamar posisi ini sekarang juga.
Membuat laporan terkait Purchasing
Pendidikan minimal lulusan SMA atau S1
Minimal 2 tahun pengalaman kerja di bidang purchasing dan logistic perusahaan FnB
Memiliki kemampuan negosiasi yang kuat dan keterampilan komunikasi yang baik.
Mahir dalam menggunakan perangkat lunak perkantoran (Ms. Office) dan Jurnal
Dapat bekerja dalam tim";Tidak Disebutkan;Pembelian, Pengadaan & Inventaris (Manufaktur, Transportasi & Logistik);Tidak Disebutkan;SMA, S1;Kontrak/Temporer;201-500 employees;https://bx-branding-gateway.cloud.seek.com.au/4b2b1968-5f0b-43aa-96b1-b6fe64b49081.2/jdpLogo
https://id.jobstreet.com/id/job/91483469?type=standard&ref=search-standalone&origin=jobCard#sol=a6fcf2b8a7c817959a3c5458e6513974f866cce9;PT Chateraise Gobel Indonesia;Jakarta Raya;Staff Store;"Good AttitudeMemiliki pengalaman minimal 1 tahun di Retail atau FnbPaham mengenai pengelolaan inventoryMemiliki kemampuan atau skill di bidangnya Memiliki komunikasi yang bagus dan 2 arahPenempatan disesuaikan dengan domisili (Jabodetabek, Cikarang, Karawang, Serang, Bandung)Bersedia untuk dimutasi sesuai dengan kebutuhan perusahaan
Kualifikasi : Good AttitudeMemiliki pengalaman minimal 1 tahun di Retail atau FnbPaham mengenai pengelolaan inventoryMemiliki kemampuan atau skill di bidangnya Memiliki komunikasi yang bagus dan 2 arahPenempatan disesuaikan dengan domisili (Jabodetabek, Cikarang, Karawang, Serang, Bandung)Bersedia untuk dimutasi sesuai dengan kebutuhan perusahaan
Deskripsi Pekerjaan :Memiliki grooming yang baik dan bagusMenjalankan tugas dengan tanggung jawabMeiliki service dan komunikasi yang bagus kepada customerAntusias untuk mencapai target sales day to dayMembuat perencanaan pada dirinya untuk lebih baik dan lebih bagus
Bersedia untuk dimutasi sesuai dengan kebutuhan perusahaan
Memiliki grooming yang baik dan bagus
Menjalankan tugas dengan tanggung jawab
Meiliki service dan komunikasi yang bagus kepada customer
Antusias untuk mencapai target sales day to day
Membuat perencanaan pada dirinya untuk lebih baik dan lebih bagus";Tidak Disebutkan;Asisten Ritel (Ritel & Produk Konsumen);Tidak Disebutkan;Tidak Disebutkan;Full time;1-50 employees;https://bx-branding-gateway.cloud.seek.com.au/80a05639-a4cd-4231-8d9e-31c2e0d86f99.2/jdpLogo
https://id.jobstreet.com/id/job/91597333?type=standard&ref=search-standalone&origin=jobCard#sol=6c3525c7dfb82512c961c4b2ec4adcf33b3518dd;PT TIrta Gracia Utama;Jakarta Utara, Jakarta Raya;Sales Taking Order ( retail/pareto );"Fresh Graduated welcomePendidikan minimal SMU sederajatMemiliki Sim CPaham area Jakarta dan sekitarnyaMemiliki pengalaman sales FMCG min 2 tahun (lebih disukai)Penempatan di Jakarta
KualifikasiFresh Graduated welcomePendidikan minimal SMU sederajatMemiliki Sim CPaham area Jakarta dan sekitarnyaMemiliki pengalaman sales FMCG min 2 tahun (lebih disukai)Penempatan di Jakarta
Deskripsi PekerjaanMelakukan penjualan ke outlet.Mencari outlet baru berpotensiMemiliki kecakapan dalam menawarkan produk.Melakukan penagihan ke toko.Mampu menganalisa kembali penjualan yang telah terjadi apakah sudah sesuai dengan yang direncanakan sebelumnya.Mencari dan melaporkan informasi yang berhubungan dengan produk pesaing.Melakukan pengembangan pasar, atau expansi pasar untuk area atau daerah yang masih kosong untuk produk yang dijual.Menjaga hubungan baik dengan relasi serta menjaga nama baik perusahaan.
Melakukan pengembangan pasar, atau expansi pasar untuk area atau daerah yang masih kosong untuk produk yang dijual.
Melakukan penjualan ke outlet.
Mencari outlet baru berpotensi
Memiliki kecakapan dalam menawarkan produk.
Melakukan penagihan ke toko.
Mampu menganalisa kembali penjualan yang telah terjadi apakah sudah sesuai dengan yang direncanakan sebelumnya.";Tidak Disebutkan;Asisten Ritel (Ritel & Produk Konsumen);Tidak Disebutkan;Tidak Disebutkan;Kontrak/Temporer;1,001-5,000 employees;https://bx-branding-gateway.cloud.seek.com.au/c432bcf6-4177-41f8-9b4a-9cb36b22936a.1/jdpLogo
https://id.jobstreet.com/id/job/91912375?type=standard&ref=search-standalone&origin=jobCard#sol=dff317e819282c3cea27fb76cde1cd30e514bb2e;PT. Wakaka Group Indonesia;Jakarta Raya;WAITER/SS ( MUARA KARANG/BEKASI/SERPONG);"Pendidikan minimal SMK/D3 di bidang Tata Boga/PerhotelanMemiliki pengalaman kerja di bidang yang relevan selama 2 TahunBerpenampilan rapih, bersih, komunikatif & memiliki interpersonal skill yang baikMemiliki passion di bidang FnBMemiliki komunikasi dan kejujuran yang tinggiBersedia bekerja dalam shift, termasuk akhir pekan dan hari liburMemiliki semangat kerja tinggi, teliti, dan dapat bekerja dalam timMemiliki service mindset (hospitality attitude)Mampu bekerja cepat dan multitaskingBisa bekerja dalam timBasic handling complaint (nilai plus)Mengerti alur service restoran (greeting, seating, taking order, serving, clearing)Bisa bekerja secara mandiri maupun tim dengan baikBersedia ditempatkan di wilayah SELURUH OUTLET DAMAS
Pendidikan minimal SMK/D3 di bidang Tata Boga/PerhotelanMemiliki pengalaman kerja di bidang yang relevan selama 2 TahunBerpenampilan rapih, bersih, komunikatif & memiliki interpersonal skill yang baikMemiliki passion di bidang FnBMemiliki komunikasi dan kejujuran yang tinggiBersedia bekerja dalam shift, termasuk akhir pekan dan hari liburMemiliki semangat kerja tinggi, teliti, dan dapat bekerja dalam timMemiliki service mindset (hospitality attitude)Mampu bekerja cepat dan multitaskingBisa bekerja dalam timBasic handling complaint (nilai plus)Mengerti alur service restoran (greeting, seating, taking order, serving, clearing)Bisa bekerja secara mandiri maupun tim dengan baikBersedia ditempatkan di wilayah SELURUH OUTLET DAMAS
Memiliki semangat kerja tinggi, teliti, dan dapat bekerja dalam tim";Tidak Disebutkan;Pelayan (Hospitaliti & Pariwisata);Tidak Disebutkan;SMK, D3;Kontrak/Temporer;1-50 employees;https://bx-branding-gateway.cloud.seek.com.au/f231568d-eb73-4a6d-865e-30e0fb1efa6a.1/jdpLogo
https://id.jobstreet.com/id/job/91814609?type=standard&ref=search-standalone&origin=jobCard#sol=e0f4f4b0ffc827d8d553b11fbc321396baada851;Chimney's;Jakarta Utara, Jakarta Raya;KITCHEN/ FLOOR STAFF;"SHIFT MANAGERCOOKSTEWARDBUTCHERWAITERBARISTADeskripsi pekerjaan:Mengurusi bagian dapur dari semua hal yang berkaitan dengan menu yang akan di sajikanMembuat hidangan untuk pelangganBisa mengikuti SOP pemasakan/ serviceBisa mengikuti SOP pembersihan (sanitasi) dan mempertahankan kebersihan tempat kerja sesuai standar kamiBisa bantu dengan maintenance peralatan dapur
Posisi yang tersedia:SHIFT MANAGERCOOKSTEWARDBUTCHERWAITERBARISTADeskripsi pekerjaan:Mengurusi bagian dapur dari semua hal yang berkaitan dengan menu yang akan di sajikanMembuat hidangan untuk pelangganBisa mengikuti SOP pemasakan/ serviceBisa mengikuti SOP pembersihan (sanitasi) dan mempertahankan kebersihan tempat kerja sesuai standar kamiBisa bantu dengan maintenance peralatan dapurKualifikasi:Pendidikan minimal SMK/D3 di bidang Tata Boga/PerhotelanMemiliki pengalaman kerja di bidang yang relevan selama 1 TahunBerpenampilan rapih, bersih, komunikatif & memiliki interpersonal skill yang baikMemiliki passion di bidang FnBMemiliki komunikasi dan kejujuran yang tinggiBisa bekerja secara mandiri maupun tim dengan baikBersedia ditempatkan di wilayah Pantai indah kapukPulang-pergi, tidak ada penginapan di mess (domisili dekat PIK diutamakan)
Mengurusi bagian dapur dari semua hal yang berkaitan dengan menu yang akan di sajikan
Pendidikan minimal SMK/D3 di bidang Tata Boga/Perhotelan
Memiliki pengalaman kerja di bidang yang relevan selama 1 Tahun
Berpenampilan rapih, bersih, komunikatif & memiliki interpersonal skill yang baik
Memiliki passion di bidang FnB
Memiliki komunikasi dan kejujuran yang tinggi";Tidak Disebutkan;Asisten & Staf Dapur (Hospitaliti & Pariwisata);Tidak Disebutkan;SMK, D3;Full time;501-1,000 employees;https://bx-branding-gateway.cloud.seek.com.au/99b565de-246c-4ec0-ab00-03fb86179551.1/jdpLogo
https://id.jobstreet.com/id/job/91523536?type=standard&ref=search-standalone&origin=jobCard#sol=4638632bc388ef5f4271285c36d0f09b16d882b4;PT TRIBUANA GLOBAL GRUP;Jakarta Utara, Jakarta Raya;Staff PHP Fullstack;"Kualifikasi:Minimal Diploma (D3) atau Sarjana (S1) di bidang Teknik Informatika, Sistem Informasi, Ilmu Komputer, atau jurusan terkait.Pengalaman 1-2 tahun mengembangkan aplikasi PHP fullstack.Diutamakan bagi yang memiliki pengalaman kerja dengan bahasa pemrograman GolangMampu bekerja dibawah tekanan dan bekerja sama dengan timMemiliki pengalaman dalam membuat atau ikut berpartisipasi dalam project compro atau ERP.Memiliki pengalaman dalam mengelola database relasional (MySQL dan POSTGRESQ)Memiliki pengalaman dalam menggunakan LARAVEL, VUE JS 3, GITMemiliki pengalaman dalam mennggunakan sistem operasi berbasis linus menjadi nilai tambahMemiliki pengalaman dalam menggunakan docker menjadi nilai tambah
Tugas dan Tanggung Jawab:Melakukan coding bahasa pemograman PHP, HTML, CSS dan JAVASCRIP sesuai dengan hasil yang diharapkanMemperhitungkan kecepatan pemrosesan data dan koneksi ke databaseMengoptimalkan source code agar lebih cepat dan efisienMendiskusikan dan mengimplementasikan metode atau cara yang paling efisien untuk mendapatkan hasil yang optimalMembuat design interface (UI) yang user friendly";RP.;Developer/Programmer (Teknologi Informasi & Komunikasi);Tidak Disebutkan;Sarjana, S1, Diploma, D3;Full time;More than 10,000 employees;https://bx-branding-gateway.cloud.seek.com.au/f3b53739-5ef5-4ade-b044-6b7b368a4dab.1/jdpLogo
https://id.jobstreet.com/id/job/91907934?type=standard&ref=search-standalone&origin=jobCard#sol=fc41b080c922d6f3ad95b63d6e85335e503f37ba;PT Supra Boga Lestari Tbk;Jakarta Barat, Jakarta Raya;IT Application Developer;"Job Responsibilities:Software Development and Maintenance: Design, develop, test, and deploy high-quality software solutions using various programming languages and frameworks. Write clean, efficient, and well-documented code.Data Analysis and Reporting: Use Business Intelligence (BI) tools (e.g., Tableau, Power BI, Looker) to create interactive dashboards, reports, and visualizations that provide key insights into business performance.Database Management: Work with relational and non-relational databases to manage data, optimize queries, and ensure data integrity.Collaboration: Partner with cross-functional teams, including product managers, data analysts, and stakeholders, to understand business requirements and translate them into technical solutions.Problem-Solving: Troubleshoot and debug issues in both the software application and the data pipeline.Job Requirements:Experience 1-2 years in job positionsProgramming Languages: Proficiency in at least one modern programming language such as Python, JavaBusiness Intelligence Tools: Hands-on experience with at least one major BI platform (e.g., Tableau, Power BI, Google Studio).Database Expertise: Strong knowledge of SQL and experience with database systems like Oracle, PostgreSQL, MySQL, or MongoDB.Data Handling: Understanding of data warehousing, ETL (Extract, Transform, Load) processes, and data modeling.
Additional Information Excellent interpersonal and communication skills with a mature and proactive atttude·Innovating in the use of data analysis techniques to solve business challenges";Tidak Disebutkan;Developer/Programmer (Teknologi Informasi & Komunikasi);Pengembangan Software, Bahasa Pemrograman, Microsoft Power BI, Business Requirements, Bagaimana Anda cocok, Keterampilan dan kredensial dari deskripsi pekerjaan, +6 selengkapnya⁠;Tidak Disebutkan;Full time;1-50 employees;https://bx-branding-gateway.cloud.seek.com.au/7ed8f08e-5e30-4b55-ac1f-9a50be5fa785.1/jdpLogo
https://id.jobstreet.com/id/job/91551227?type=standard&ref=search-standalone&origin=jobCard#sol=53cf9de8c0be98feae826f05890a5747c2b4cd4b;REF GROUP INDONESIA;Sawah Besar, Jakarta Raya;Server Technician – Assembly & Testing;"Who We Need:We are looking for a Server Build Technician / Server Tester based in Jakarta, Indonesia.We expect you to know how & like working with IT equipment (servers, data storage, networking), have at least 2 years of experience in IT equipment testing & assembly, speak good English as this is main communication language in the company.
What You Will Do:Visual inspection / checking integrity of components and systemsFull equipment diagnostics and maintenanceVerification of system visibility / operability of all systems & componentsFirmware updates for components and platformsRun and monitor load testing resultsReceive incoming batches of equipmentLabeling and placing goods in the warehouseWork in inventory management system (create & process warehouse- & production-related documents for goods and services)processing assembly orders on time according to customer orders / production needsPacking orders and shipment of goods to the shipping agentAchieve monthly KPIFollow daily and weekly plans and write reportsWhat We Expect:Strong interest in IT equipmentExperience in IT equipment testing & assembly - at least 2 yearsFluent in Bahasa & ENGLISHWillingness to work in a multitasking modeBachelor Degree or equivalentWhat We Offer:Salary 5.500.000 Rp + KPI 500.000 probation periodOffice in Sawah Besar, JakartaWorkdays: Mondays to Fridays, 8 working hoursTraining on working in CRM / inventory management system and mentorshipCareer growth and internal promotion opportunities (Production Team Leader - Production manager)Government-mandated benefitsYour journey map before employment:answer questions in English (video recording) - 10 minutesHR interview (20 minutes)interview with production manager (30 minutes)job offer!";Tidak Disebutkan;Teknisi (Keterampilan & Jasa);Tidak Disebutkan;Degree;Full time;1,001-5,000 employees;https://bx-branding-gateway.cloud.seek.com.au/7ef9cb1b-0d86-4670-a263-59fb929a1bf9.2/jdpLogo
https://id.jobstreet.com/id/job/91688320?type=standard&ref=search-standalone&origin=jobCard#sol=dea8f5ff648dc2418a757ddc4875aa9b4bca88ad;PT Triyakom;Jakarta Selatan, Jakarta Raya;Java/Full-Stack Developer;"We are seeking a highly skilled and motivated Java / Full Stack Software Developer to join our engineering team. In this role, you will be responsible for developing, maintaining, and scaling robust applications using Java (Spring Boot) on the backend and React (TypeScript) on the frontend. The ideal candidate is a problem-solver who enjoys working across the entire web stack and is comfortable managing diverse database environments, specifically SQL Server and PostgreSQL. Key Responsibilities Backend Development: Design, develop and deploy scalable, secure, and robust RESTful APIs using the Spring Boot ecosystem. Database Management: Manage and optimize data operations across both PostgreSQL and Microsoft SQL Server, including writing complex queries and stored procedures. Full-Stack Collaboration: Work with TypeScript to build or integrate interactive frontend components. Performance Tuning: Identify bottlenecks in the application and database layers and implement effective optimizations. Code Quality: Conduct code reviews, write unit tests, and maintain high standards for documentation and clean code. Technical Requirements Minimum 2-3 years of professional experience in Java development. In-depth expertise in Spring Framework (Spring Boot, Spring Security, Spring Data JPA, and Spring Batch). Solid understanding of Microservices architecture and Design Patterns. Proficiency working with PostgreSQL and MS SQL Server (complex queries, indexing strategies, and performance monitoring). API Standards: Deep understanding of RESTful API design principles and authentication protocols (OAuth2, JWT). Strong proficiency in TypeScript. Hands-on experience with modern frontend libraries/frameworks such as React, Angular, or Vue.js. Proficiency in Git-based version control workflows. Qualifications & Soft Skills Bachelor's degree in computer science, Information Technology, or a related field. Strong analytical and problem-solving skills. Ability to decompose complex business requirements into scalable technical solutions. Ability to work effectively in an Agile/Scrum environment. Excellent communication skills and a ""team-first"" mentality. Proactive approach to learning new technologies (e.g., AI/LLM integration or real-time systems). Preferred Qualifications (Nice to Have) Experience with Docker and Kubernetes for containerized deployments. Experience with WebSockets for real-time communication. Knowledge of Spring AI or integrating OpenAI/Gemini models into enterprise apps. Prior experience in payment gateway integration or financial technology (FinTech).";Tidak Disebutkan;Developer/Programmer (Teknologi Informasi & Komunikasi);Pemrograman Java, Java Spring Boot, Typescript Programming, Microsoft SQL Server, Bagaimana Anda cocok, Keterampilan dan kredensial dari deskripsi pekerjaan, +6 selengkapnya⁠;Bachelor, Degree;Full time;51-200 employees;https://bx-branding-gateway.cloud.seek.com.au/338c9f17-3dd2-4b61-b3d3-97d46f1893a1.1/jdpLogo
https://id.jobstreet.com/id/job/91763572?type=standard&ref=search-standalone&origin=jobCard#sol=190f96ab523973e25a5105116d1461e54655571c;PT MNC Teknologi Nusantara (MotionPay);Jakarta Pusat, Jakarta Raya;Fullstack Engineer;·         Mengembangkan dan memelihara aplikasi backend menggunakan Golang dan/atau Laravel (PHP)·         Membangun frontend menggunakan ReactJS atau Svelte·         Mendesain dan mengimplementasikan API (RESTful) yang scalable dan secure·         Berkolaborasi dengan tim produk, QA, dan DevOps dalam proses pengembangan·         Melakukan optimasi performa aplikasi (backend maupun frontend)·         Melakukan debugging, troubleshooting, dan perbaikan bug secara efektif·         Menulis kode yang clean, maintainable, dan terdokumentasi dengan baik·         Terlibat dalam proses code review dan peningkatan kualitas codebase·         Mendukung deployment dan monitoring aplikasi di environment production;Tidak Disebutkan;Developer/Programmer (Teknologi Informasi & Komunikasi);Pemrograman Golang, Laravel Framework, Pemrograman PHP, React.JS, Bagaimana Anda cocok, Keterampilan dan kredensial dari deskripsi pekerjaan, +5 selengkapnya⁠;Tidak Disebutkan;Full time;201-500 employees;https://bx-branding-gateway.cloud.seek.com.au/8ccdc3c3-d526-421e-b661-6dedadcd5d39.1/jdpLogo
https://id.jobstreet.com/id/job/91510990?type=standard&ref=search-standalone&origin=jobCard#sol=f66d6b32cf9aca9a9a792ca5c114fad8b117887a;PT Indocyber Global Teknologi;Jakarta Raya;AI Developer - Senior Fullstack Developer;PengalamanMemiliki pengalaman profesional lebih dari 5 tahun sebagai Fullstack Developer.Berpengalaman dalam menggunakan tools AI seperti chatGPT, Claude, dan lebih diutamakan Gemini.Pendidikan minimal S1 di bidang Teknologi Informasi, Ilmu Komputer, Sistem Informasi, atau bidang terkait.Keahlian TeknisBackend DevelopmentMenguasai Golang, termasuk pemahaman mendalam tentang Go-routine lifecycle dan concurrency.Berpengalaman dalam penggunaan message broker seperti:* Apache Kafka* RabbitMQMenguasai framework Laravel untuk pengembangan backend.Frontend DevelopmentMenguasai Next.js untuk pengembangan aplikasi web modern.Berpengalaman menggunakan Redux untuk manajemen state.Database ManagementMenguasai dan berpengalaman dalam pengelolaan database:* MySQL* PostgreSQLKualifikasi TambahanMemiliki kemampuan dalam merancang dan mengembangkan arsitektur sistem yang scalable, secure, dan high-performance.Berpengalaman dalam pengembangan dan integrasi RESTful API dan/atau GraphQL.Memahami konsep microservices architecture dan event-driven architecture.Mampu bekerja dalam lingkungan Agile/Scrum.Memiliki kemampuan problem solving dan analisis yang baik.Mampu bekerja secara mandiri maupun dalam tim.Preferred QualificationsFamiliar dengan Docker, Kubernetes, dan CI/CD.Berpengalaman menggunakan layanan cloud seperti AWS, Google Cloud, atau Microsoft Azure.Memahami praktik terbaik dalam keamanan aplikasi dan optimasi performa.;Tidak Disebutkan;Developer/Programmer (Teknologi Informasi & Komunikasi);Ilmu Komputer, Sistem Informasi, Pemrograman Golang, Laravel Framework, Bagaimana Anda cocok, Keterampilan dan kredensial dari deskripsi pekerjaan, +5 selengkapnya⁠;S1;Full time;1,001-5,000 employees;https://bx-branding-gateway.cloud.seek.com.au/273af3c9-1bb7-4728-ad9e-1cd5f412795c.1/jdpLogo
https://id.jobstreet.com/id/job/91622239?type=standard&ref=search-standalone&origin=jobCard#sol=fba445c5297e3defcd7905a1db34c590d6e26a39;PT Lamindo Prima Mandiri;Jakarta Raya;IT & Web Developer;Berpengalaman minimal 2 tahunMemiliki gelar/lulusan sarjana dalam bidang Teknik Informatika/ Ilmu Komputer / Sistem Informasi atau bidang terkait.Mampu membuat websiteMengerti implementasi server, baik server aplikasi maupun server databaseBerpengalaman membuat dan mengembangkan websiteMenguasai PHP, HTML, Java, CSS, Javascript atau pemrograman berbasis webMenguasai RDBMS SQL Server, MySql, Oracle atau lainnyaMenguasai framework codeigniter (CI), Laravel, angular, vuejs atau framework lainnyaMemiliki kemampuan tes software, pengembangan, dan pemeliharaanDapat bekerjasama dalam timDapat membuat aplikasi Mobile merupakan nilai tambah;Tidak Disebutkan;Pengembangan & Produksi Web (Teknologi Informasi & Komunikasi);Teknik Informatika, Ilmu Komputer, Sistem Informasi, Pemrograman PHP, Bagaimana Anda cocok, Keterampilan dan kredensial dari deskripsi pekerjaan, +6 selengkapnya⁠;Sarjana;Full time;1,001-5,000 employees;https://bx-branding-gateway.cloud.seek.com.au/fceb3f54-b04f-425d-b07a-342f8f280374.1/jdpLogo
https://id.jobstreet.com/id/job/91346658?type=standard&ref=search-standalone&origin=jobCard#sol=6356bd9281aba778e281a78d249d6516c645257c;PT. Berca Hardayaperkasa;Jakarta Pusat, Jakarta Raya;IT Server Storage Engineer Trainee;"Deskripsi PekerjaanMendapatkan pengetahuan mendalam tentang teknologi Server dan StorageMendapatkan pengalaman praktis di lingkungan TI profesional, menerapkan pengetahuan pada skenario dunia nyataMelakukan maintainance server, storage dan sanswitch
KualifikasiMahasiswa tingkat akhir atau lulusan baru S1 di bidang Teknik Komputer, Ilmu Komputer, Teknologi Informasi, atau bidang terkaitMemiliki pengetahuan di bidang Server dan StorageMemiliki Pengetahuan Hardware: Server, Storage, JaringanFamiliar dengan Sistem Operasi: Windows, Linux, atau lainnyaMemiliki antusiasme tinggi terhadap Infrastruktur IT (Server dan Storage)Bersedia menjalani program FULL WFO selama durasi program";Tidak Disebutkan;Administrasi Jaringan & Sistem (Teknologi Informasi & Komunikasi);Teknik Komputer, Ilmu Komputer, Teknologi Informasi, Hardware, Bagaimana Anda cocok, Keterampilan dan kredensial dari deskripsi pekerjaan, +1 selengkapnya⁠;S1;Kontrak/Temporer;51-200 employees;https://bx-branding-gateway.cloud.seek.com.au/408a18c1-6909-4c03-8017-77a0fd4be578.1/jdpLogo
https://id.jobstreet.com/id/job/91752735?type=standard&ref=search-standalone&origin=jobCard#sol=8ecb5783b62e9fbcfb9672652751018ca8a6c553;PT Sharing Vision Indonesia;Jakarta Pusat, Jakarta Raya;Full Stack Engineer (Golang + React.JS);"PT Sharing Vision Indonesia masih membutuhkan beberapa talent minimal S1/D4/S2 dari Teknik Informatika/Sistem Teknologi Informasi/Teknik Komputer/Teknik Elektro/Engineer lainnya, untuk posisi sebagai:
Full Stack Engineer (Golang + React.JS)(BERTUGAS UNTUK MELAKUKAN PEMROGRAMAN BACK-END DAN FRONT-END)Penempatan WFO di JakartaPersyaratan:Mempunyai pengalaman minimal 1-2 tahun sebagai Full Stack Engineer dalam pekerjaan atau proyek.Fresh graduate yang mempunyai skill sebagai programmer dipersilahkan untuk mendaftar.Pengalaman dalam teknologi software-backend: Golang, PythonPengalaman dalam teknologi software-frontend: React.JS, Vue.JS, Next.JS, Node.JSPengalaman dalam teknologi database: MySQL, SQL Server, Postgresql.Mempunyai portfolio pengembangan sistem yang pernah dilakukan dan dapat ditunjukkan.";Tidak Disebutkan;Developer/Programmer (Teknologi Informasi & Komunikasi);Pemrograman Golang, React.JS, Pemrograman Python, Vue.JS, Bagaimana Anda cocok, Keterampilan dan kredensial dari deskripsi pekerjaan, +4 selengkapnya⁠;D4, S2, S1;Kontrak/Temporer;501-1,000 employees;https://bx-branding-gateway.cloud.seek.com.au/a6eacbab-0d44-4c3f-a246-a446502d6282.1/jdpLogo
https://id.jobstreet.com/id/job/91677128?type=standard&ref=search-standalone&origin=jobCard#sol=ebe92dbde6892934f36ea8db17123d793ceec872;PT System Ever Indonesia;Jakarta Selatan, Jakarta Raya;Software Developer;Job Description : Collaborate with other developers and cross-functional teams to understand project requirements.Write clean, efficient, and maintainable codeDevelop projects that within project timelines and deadlinesDebug and troubleshoot issues in the development, testing, and production environmentRequirements : Graduated from Computer Science, Software Engineering, or relatedHaving 1-3 years experience in the same field. Fresh graduate are welcomeAble to speak english both speaking & writtingProficient in database programming such as MS SQL or MySqlWillingness to learn and adapt to new technologies and mobile development practices.Understand ERP System Flow and mobile application more preferableSkills :Database Programming (MS SQL and/or MySql)UI/UX BasicAnalyze & Problem-Solving Skills;Tidak Disebutkan;Developer/Programmer (Teknologi Informasi & Komunikasi);Debugging, Troubleshooting, Ilmu Komputer, Pengembangan Software, Bagaimana Anda cocok, Keterampilan dan kredensial dari deskripsi pekerjaan, +5 selengkapnya⁠;Tidak Disebutkan;Kontrak/Temporer;501-1,000 employees;https://bx-branding-gateway.cloud.seek.com.au/2644f8bf-388f-4ca3-b8fb-d541647544d5.2/jdpLogo
https://id.jobstreet.com/id/job/91584877?type=standard&ref=search-standalone&origin=jobCard#sol=6423b27182bac946e14a6db499eb436a70db3509;Cavalry Collective Pte. Ltd;Jakarta Raya (Jarak jauh);Full Stack Software Engineer (CAD Rooms Cloud PDM);"About the RoleWe are looking for a talented Full Stack Software Engineer to join our engineering team. In this
role, you will design, build, and maintain scalable web applications and services across the
entire technology stack. You will collaborate closely with product managers, designers, and
fellow engineers to deliver high-quality software that powers our platform and delights our users.
ResponsibilitiesDesign, develop, and maintain full stack applications using TypeScript across frontend
and backend services.Build and manage containerized applications and development environments with
Docker.Design, implement, and optimize PostgreSQL database schemas, queries, and
migrations.Collaborate with cross-functional teams to translate product requirements into robust,
scalable technical solutions.Write clean, well-tested, and well-documented code following engineering best practices.Participate in code reviews and contribute to improving team development processes
and tooling.Troubleshoot and resolve production issues, ensuring high availability and performance
of services.Contribute to architectural decisions and help shape the technical direction of the
platform.
Required Qualifications3+ years of professional experience in full stack software development.Strong proficiency in TypeScript for both frontend (React, Next.js, or similar) and
backend (Node.js) development.Hands-on experience with Docker for containerization, orchestration, and local
development workflows.Solid experience designing and working with PostgreSQL, including schema design,
query optimization, and migrations.Familiarity with RESTful APIs and/or GraphQL.Experience with version control systems (Git) and CI/CD pipelines.Strong problem-solving skills and a passion for writing high-quality, maintainable code.Excellent communication and collaboration skills in a team environment.
Nice to HaveExperience with advanced PostgreSQL features such as trigger functions, Row Level
Security (RLS), stored procedures, and database access policies.Experience with Deno as an alternative or complement to Node.js for backend
development.Experience with AWS services (EC2, S3, Lambda, RDS, ECS, or similar).Proficiency or working knowledge of Golang for building performant backend services or
microservices.Proficiency or working knowledge of Rust, particularly for maintaining and developing
our desktop application built with Tauri.Experience with 3D-related engineering, such as WebGL, Three.js, Unity, Unreal
Engine, or real-time rendering pipelines.Familiarity with infrastructure-as-code tools (Terraform, CloudFormation) and
Kubernetes.Experience with performance profiling, monitoring, and observability tools.";Tidak Disebutkan;Teknik – Perangkat Lunak (Teknologi Informasi & Komunikasi);Typescript Programming, Postgresql, Pengembangan Software, Next.JS, Bagaimana Anda cocok, Keterampilan dan kredensial dari deskripsi pekerjaan, +6 selengkapnya⁠;S3;Full time;201-500 employees;https://bx-branding-gateway.cloud.seek.com.au/13f990ef-f5a4-488d-a309-1d27ed516e5d.2/jdpLogo
https://id.jobstreet.com/id/job/91402397?type=standard&ref=search-standalone&origin=jobCard#sol=165cd497a4ffa8ab62fbe81fa9f43c36ca71953a;Tidak Disebutkan;Kebayoran Lama, Jakarta Raya;Senior Software Engineer, Fullstack - Merchant Experience;"Company Description



About Grab and Our Workplace
Grab is Southeast Asia's leading superapp. From getting your favourite meals delivered to helping you manage your finances and getting around town hassle-free, we've got your back with everything. In Grab, purpose gives us joy and habits build excellence, while harnessing the power of Technology and AI to deliver the mission of driving Southeast Asia forward by economically empowering everyone, with heart, hunger, honour, and humility.


Job Description



Get to Know the Team
The Merchant App Flutter team builds and maintains the core merchant app for businesses using Grab. Whether you're supporting small local vendors or scaling for international franchises, the team focuses on creating tools to empower merchants. You'll join a close-knit group of passionate engineers committed to elevating the merchant experience and delivering impactful solutions
Get to Know the Role
Reporting to the Software Engineering Manager, you will focus on both feature development and engineering optimization for the Grab merchant app. With this role, you will take direct responsibility for delivering high-quality technical solutions, scaling tools for merchants, and taking ownership of impactful engineering contributions. This role is an onsite role based in Jakarta
The Critical Tasks You Will Perform

You will develop and enhance app features to improve merchant workflows, ensuring the app is efficient, responsive, and user-friendly.
You will design clear, scalable programming solutions using best practices such as dependency injection or MVVM.
You will analyze and optimize app performance to address issues like response time, battery use, and storage impact.
You will write robust unit tests, integration tests, and collaborate with QA engineers to maintain quality standards during app releases.
You will maintain current features, resolve bugs, and enhance code functionality while ensuring technical consistency and long-term performance goals.
You will serve in the on-call rotation for critical mobile issues, balancing rapid fixes with logical troubleshooting.



Qualifications



What Essential Skills You Will Need

6+ years of experience in software engineering, with a focus on Fullstack Development

Proven track record of building and scaling distributed systems in a high-growth environment.
Deep expertise in backend languages (preferably Go) and modern frontend frameworks (React) or mobile (Flutter).
A Product Engineer mindset which makes you care as much about the user's ""Latency to Book"" as you do about the cleanliness of the code.
The ability to explain complex technical trade-offs to non-technical stakeholders clearly and persuasively.
Solid understanding of database technologies, including MySQL and NoSQL databases like AWS DynamoDB
You proactively automate CI/CD pipelines and regression testing to ensure that high-quality code reaches production faster and safer.
A disciplined approach to quality. You are proficient in the Testing Pyramid—from lightning-fast unit tests to comprehensive integration and end-to-end (E2E) suites.



Additional Information



Life at Grab
We care about your well-being at Grab, here are some of the global benefits we offer:

We have your back with Term Life Insurance and comprehensive Medical Insurance.

With GrabFlex, create a benefits package that suits your needs and aspirations.
Celebrate moments that matter in life with loved ones through Parental and Birthday leave, and give back to your communities through Love-all-Serve-all (LASA) volunteering leave
We have a confidential Grabber Assistance Programme to guide and uplift you and your loved ones through life's challenges.
Balancing personal commitments and life's demands are made easier with our FlexWork arrangements such as differentiated hours

What We Stand For At Grab
We are committed to building an inclusive and equitable workplace that provides equal opportunity for Grabbers to grow and perform at their best. We consider all candidates fairly and equally regardless of nationality, ethnicity, race, religion, age, gender, family commitments, physical and mental impairments or disabilities, and other attributes that make them unique.";Tidak Disebutkan;Teknik – Perangkat Lunak (Teknologi Informasi & Komunikasi);Pengembangan Software, Troubleshooting, Basis Data, Database MySQL, Bagaimana Anda cocok, Keterampilan dan kredensial dari deskripsi pekerjaan, +4 selengkapnya⁠;Tidak Disebutkan;Full time;1-50 employees;Tidak Disebutkan
https://id.jobstreet.com/id/job/91887492?type=standard&ref=search-standalone&origin=jobCard#sol=1163697af8d71827451a72b8080aaebf961cf578;PT. Padepokan Tujuh Sembilan;Jakarta Pusat, Jakarta Raya;System Analyst;Qualification:- Bachelor’s in Informatics Engineering, Computer Science, or related field.- 3+ years in IT system analysis or a related field.- Completed training: Internalization, OJT program.- Strong skills in programming, SDLC, UML, and RDBMS.- Excellent logical thinking, analytical, and communication skills.- Ability to collaborate with multiple stakeholders and manage projects.Job Desc:- Coordinate with BPO and users to refine IT system requirements.- Design and create system specifications or enhancements for developers/programmers.- Evaluate and review vendors for IT system development.- Manage approved IT development projects.- Collaborate with developers on system modifications.- Conduct system testing for alignment and accuracy.- Oversee the release of new or enhanced IT systems.- Comply with IT policies, procedures, and security principles.- Mode kerja Hybrid Jakarta Bandung;Tidak Disebutkan;Analis Bisnis/Sistem (Teknologi Informasi & Komunikasi);Teknik Informatika, Ilmu Komputer, Sistem Teknologi Informas, Analisis Sistem, Bagaimana Anda cocok, Keterampilan dan kredensial dari deskripsi pekerjaan, +4 selengkapnya⁠;Bachelor;Full time;5,001-10,000 employees;https://bx-branding-gateway.cloud.seek.com.au/d3bb984c-dc82-4dea-acda-82f4839ab386.2/jdpLogo
https://id.jobstreet.com/id/job/91691222?type=standard&ref=search-standalone&origin=jobCard#sol=922b079aaae7bd22babe8c900db495fdddae0a0f;PT Nusantara Pelabuhan Handal Tbk;Jakarta Utara, Jakarta Raya;IT Programmer;"Requirements:Bachelor's in Computer Science / Information Systems / Computer ScienceHaving experience as an IT ProgrammerUnderstanding and comprehending the PHP programming language as well as the Laravel and CodeIgniter frameworks.Understanding and comprehending FullStack Developer and/or understanding the workflow of FrontEnd Developer as well as BackEnd DeveloperAble to create and use APIs (Application Programming Interfaces)Able to use MySQL Database and Oracle Database and able to use SQL database language
Company ProfilePT Nusantara Pelabuhan Handal Tbk engaged in providing port services. The Services available are stevedoring services, storage yard services, terminal operations and maintenance services. NPH provide skillful operator and technician team to make sure equipments are realiable.
https://www.nusantaraport.id/";Tidak Disebutkan;Developer/Programmer (Teknologi Informasi & Komunikasi);Ilmu Komputer, Pemrograman PHP, Laravel Framework, Codeigniter, Bagaimana Anda cocok, Keterampilan dan kredensial dari deskripsi pekerjaan, +3 selengkapnya⁠;Bachelor;Full time;51-200 employees;https://bx-branding-gateway.cloud.seek.com.au/1c8e6512-4f3d-45c7-a6a2-2604c59eb712.1/jdpLogo
https://id.jobstreet.com/id/job/91499369?type=standard&ref=search-standalone&origin=jobCard#sol=0618ed421da19499182e22d5014080bca7f045d4;Savant Degrees Pte Ltd;Jakarta Raya (Jarak jauh);Software Developer (Remote);"Visit our website at www.savantdegrees.com to explore our exciting innovations. We're seeking a talented software developer to join our Asia team. This full-time position offers a remote working arrangement based in Indonesia.Skills & Experience NeededMinimum 3 years of current, hands-on experience in software development Bachelors or Masters degree in Computer Science, Information Systems, or equivalentStrong Java, HTML, CSS, JavaScript skills, with knowledge on Groovy, Apache Tomcat, Python, and JSON an added advantageExperience with AI-powered development tools is a plus, including integrating AI coding assistants (e.g., Codex), and performing AI-assisted code review to improve development workflows and code quality.Proficient verbal and written English communication skills due to project requirement. Resourceful and tenacious in solving problems.Experience with at least one modern programming language with an MVC frameworkProactive and able to exercise initiative in ensuring our code quality meets high standards and aligns with best practices, including security.Responsibilities include:Database design and developmentCoding (e.g. experience in Java, HTML, CSS, JavaScript) Assessing IT security protocols are followed using tools for performance/load testing, and vulnerability scanningAssisting in implementing tools into existing project systems such as Kibana, Katalon, and Logrocket.Integrating AI-powered development tools is a plus, including integrating AI coding assistants (e.g., Codex), and performing AI-assisted code review to improve development workflows and code quality.Supporting engineering team to develop software solutions, from software task creation, to technical documentation, and QA testingParticipate in User Acceptance Testing (UAT) and help our development team with code development for bugs identified (depending on the software, could be Groovy/Stripes for applications; or HTML5/Javascript for front-end)Mentor and guide other developers to improve coding standards, best practices, and overall code quality.";Tidak Disebutkan;Developer/Programmer (Teknologi Informasi & Komunikasi);Pengembangan Software, Ilmu Komputer, Pemrograman Java, Bahasa Pemrograman HTML, Bagaimana Anda cocok, Keterampilan dan kredensial dari deskripsi pekerjaan, +4 selengkapnya⁠;Degree;Full time;1-50 employees;https://bx-branding-gateway.cloud.seek.com.au/2b8746ac-42d1-4183-bcb4-9ce70e16d149.1/jdpLogo
https://id.jobstreet.com/id/job/91769263?type=standard&ref=search-standalone&origin=jobCard#sol=dc1d6003f6401892f1310dbe8d4b0713945634c1;Pengiklan Anonim;Jakarta Raya;FULL STACK SOFTWARE DEVELOPER;"We are looking for a Full Stack Software Developer who can build, deploy, and continuously improve AI SaaS, mobile, and web applications. This role is for a builder, not only a coder: someone who can understand business problems, prototype fast, connect APIs, ship usable products, automate workflows, and improve based on user feedback. Portfolio is required: applicants should provide GitHub, deployed app links, product demos, or screenshots/walkthroughs of shipped work.
KEY RESPONSIBILITIESBuild full-stack web applications, internal tools, AI-enabled SaaS features, dashboards, mobile-friendly experiences, and lightweight mobile/web products.Design and implement front-end, back-end, database, API, authentication, deployment, and monitoring components.Integrate AI APIs, LLM workflows, automation tools, document processing, CRM/ATS data, and third-party services.Turn business requirements into product logic, wireframes, MVPs, user flows, release-ready features, and practical product documentation.Own deployment, debugging, version control, security basics, performance improvement, monitoring, and documentation.Work with leadership and operations teams to automate manual workflows and reduce operational headcount pressure.Use AI coding tools responsibly to speed up development while maintaining code quality and security.
IDEAL PROFILE3+ years in full-stack software development, or a strong portfolio showing shipped web/mobile/SaaS products.Hands-on experience with modern web stack such as React/Next.js, Node.js, Python, APIs, SQL/NoSQL, cloud hosting, and Git.Experience building SaaS, internal tools, dashboards, mobile/web apps, AI features, or automation workflows.Practical exposure to AI APIs, LLM app development, agents, RAG, prompt engineering, or workflow automation preferred.Able to move from idea to prototype to production with limited supervision and clear ownership.Strong problem-solving, documentation, clean handover, and communication with non-technical stakeholders.
AI-first expectationExpected to use AI coding assistants, LLM APIs, automation tools, and rapid prototyping platforms to increase output speed while preserving security, maintainability, documentation quality, and user value. Portfolio is required: candidates should provide GitHub, live demo, deployed app, App Store/Play Store link, product walkthrough, or equivalent proof of shipped capability.
If you are excited to build smarter, faster, and more scalable ways of working in a lean professional services business, please apply through this platform.";Tidak Disebutkan;Developer/Programmer (Teknologi Informasi & Komunikasi);Aplikasi Web, Github, Penyebaran, Debugging, Bagaimana Anda cocok, Keterampilan dan kredensial dari deskripsi pekerjaan, +6 selengkapnya⁠;Tidak Disebutkan;Kontrak/Temporer;201-500 employees;Tidak Disebutkan
https://id.jobstreet.com/id/job/91389114?type=standard&ref=search-standalone&origin=jobCard#sol=6d066a4bb79498385a8dcad7d4fe3bc74b8a7e0f;Pengiklan Anonim;Jakarta Barat, Jakarta Raya;Technical Product Lead (Full-stack Software Engineer);"TECHNICAL PRODUCT & DELIVERY LEADFull-stack Software Engineer BackgroundGeoScanning & Telecommunications Signal Analysis Platform  |  Advanced English RequiredWest Jakarta | Full time on siteThe RoleWe are seeking a Technical Product Manager to bridge the gap between technical project management and full stack engineering. You will manage the development flow and timelines and serve as the senior technical voice on facilitating architectural decisions for the ecosystem, overseeing backend, web frontend, mobile (Android)  development.  You will act as the bridge between the CTO's strategic vision and the engineering team's daily work - converting high-level direction into clear, buildable specifications that each team member can act on without guesswork. This role requires advanced spoken and written English. Company DescriptionPillar Technology is a provider of advanced communications solutions and a trusted supplier of telecommunications equipment to government and law enforcement agencies across Indonesia.We are developing a web and Android platform for geoscanning of telecommunications signals — continuously collecting RF and GPS data in the field, uploading it to a backend server, and presenting operators with live signal visualisation, parameter analysis, and identification of areas of interest. The team currently comprises five engineers: backend, frontend, UI/UX, and two Android developers, working toward a production-ready release.QualificationsEssential· 5+ years in Software Engineering, technical project management with a strong foundation in full stack development, or a closely related software role.· Deep understanding of Backend (API Design/ DB management), web (modern frameworks like React) and mobile (Native or Cross-platform)· Proven ability to write precise, unambiguous feature specifications that developers can build from independently.· Working knowledge of software concepts — APIs, databases, frontend/backend architecture, mobile development — sufficient to hold a technical discussion and spot spec gaps.· Hands-on agile experience: sprint planning, backlog management, and running ceremonies for a small team.· Experience owning a QA or acceptance testing process — writing test cases, logging bugs, and making release decisions.· Disciplined approach to documentation — feature specs, release notes, service records, and configuration logs maintained consistently throughout the project lifecycle.· Advanced written and spoken English — specifications are the foundation of the team's daily work (please do not apply if this requirement is not met).Nice to Have·       Degree in Computer Science, IT, Engineering, or a related technical field — preferably from a top-tier Indonesian university (ITB, UI, ITS Surabaya, Telkom University, BINUS).·       Background in or exposure to telecommunications, RF systems, GPS data, or geospatial platforms.·       Familiarity with Figma or wireframing tools; exposure to SQL or data analysis.·       Experience managing requirements for Android apps involving background services or data collection.Key ResponsibilitiesProject Orchestration· Manage the end-to-end project lifecycle, defining milestones and ensuring timely delivery.Architectural decision making:· Select and validate the tech stack decisions across BE, FE and Mobile. Ensure architecture is scalable, secure and maintainable.· Define technical contracts (APIs / Databases) that allow our different platforms to communicate.· Conduct high level code review and set engineering standards.Feature Specification· Write detailed PRDs defining feature behaviour in full: happy path, edge cases, error states, and explicit logic rules.· Establish a Definition of Ready — every sprint item must have complete acceptance criteria before development begins.· Collaborate with the UI/UX designer to validate wireframes against requirements before build starts.Sprint & Delivery Management· Own the prioritised product backlog and run full agile ceremonies across all five engineering streams.· Manage the full Software Development Life Cycle (SDLC) from requirements through release and post-release monitoring — ensuring each phase has clear ownership and handoff criteria.· Track sprint delivery, surface blockers early, and manage cross-stream dependencies between backend, frontend, and Android.· Own the release calendar, define delivery Service Level Agreements (SLAs) with the CTO, and report regularly against them.QA & Release Sign-Off· Own the QA process across the team — there is no dedicated QA engineer; this role fills that function.· Conduct functional acceptance testing against the acceptance criteria you defined, before any feature is released.· Log, prioritise, and track bugs discovered during testing back into the product backlog.· Plan and coordinate structured User Acceptance Testing (UAT) with the CTO and end-client stakeholders; document outcomes and ensure sign-off before production releases.· Make the go/no-go call on each release — you are the final quality gate before a build ships.Technical Collaboration & Stakeholder Communication· Work with engineers to understand how functional requirements affect the system — APIs, data flows, background service behaviour, upload reliability — without writing production code.· Identify when a seemingly simple functional change carries significant engineering cost.· Act as the first point of escalation (L2) for operational issues reported by end-clients — triage, document, and route to the appropriate engineer.· Maintain comprehensive documentation across the full product lifecycle: system configurations, feature specs, release notes, and service records.· Translate CTO direction into precise developer language; translate engineering constraints into clear CTO updates.· Produce concise sprint summaries, milestone updates, and risk assessments.What We Offer·       Competitive full-time compensation commensurate with experience.·       A technically complex, mission-critical platform deployed by government and law enforcement clients.·       High-visibility role with direct access to the CTO — your judgement will be trusted and acted upon.·       Potential for long-term involvement as the platform scales toward full production deployment.";Tidak Disebutkan;Manajemen & Pengembangan Produk (Teknologi Informasi & Komunikasi);Antarmuka Pengguna, Pengalaman Pengguna, Pengembangan Software, API, Bagaimana Anda cocok, Keterampilan dan kredensial dari deskripsi pekerjaan, +4 selengkapnya⁠;Degree;Full time;201-500 employees;Tidak Disebutkan
https://id.jobstreet.com/id/job/91789576?type=standard&ref=search-standalone&origin=jobCard#sol=26f8f1b6d239099ca06deb79deb8575d30a4aa8e;PT Kencana Jaya Kreasi Lestari;Jakarta Barat, Jakarta Raya;Full Stack Developer (Node.js, React.js, SQL, AWS);"About the RoleWe are a growing software consultancy seeking an experienced Full Stack Developer to join our engineering team. This is more than just a coding role, we are looking for a well-rounded technologist with 3+ years of experience who wants to play an active part in shaping the technical direction of our projects.You will own the full delivery lifecycle, from front-end interfaces to cloud infrastructure, working in close partnership with our Lead Engineer. If you take pride in clean architecture, enjoy solving complex problems, and want your technical voice to carry real impact, this is the role for you.Key ResponsibilitiesFull Stack Development: Build responsive, high-performance user interfaces using React.js and develop scalable back-end services with Node.js.Cloud Infrastructure: Own and manage our AWS environment (EC2, S3, RDS, Lambda, etc.), including uptime monitoring, security, and cost optimization.API & Database Engineering: Design and maintain performant REST/GraphQL APIs. Optimize SQL (PostgreSQL/MySQL) and NoSQL (MongoDB/DynamoDB) schemas for integrity and efficiency.DevOps & CI/CD: Establish and maintain automated deployment pipelines. Ensure all releases are reliable, repeatable, and documented through proper Git workflows.Technical Collaboration: Contribute meaningfully to architectural discussions. Your insights will directly influence how we build and deliver solutions.RequirementsExperience: Minimum 3 years of professional full-stack experience. Agency or consultancy background is a strong plus.Technical Stack: Strong command of Node.js, React.js, and TypeScript.Databases: Proficiency in relational databases (PostgreSQL/MySQL) and familiarity with NoSQL (MongoDB/DynamoDB).Infrastructure: Demonstrated ability to independently manage AWS infrastructure and DevOps workflows.Tools & Methodology: Expert knowledge of Git version control and Agile methodologies.Communication: Fluent in Bahasa Indonesia; proficient in English for technical documentation and discussions.Nice to HaveExperience conducting technical discovery sessions and producing functional requirement documentation in EnglishHands-on experience with Serverless or Microservice architectures in productionWho You AreA Proactive Problem-Solver: You don't just surface issues; you propose and implement solutions. You take ownership of your work.A Strong Communicator: You value constructive technical discussion and can articulate architectural decisions while remaining open to feedback.A Disciplined Professional: You understand that clean, well-documented code is the foundation of high-quality delivery.Why Join Us?Accelerated Growth: Gain broad exposure across industries through diverse consultancy engagements.Technical Ownership: Your voice matters. You are a genuine contributor to our design process, not just an executor.Stability & Compliance: This is a long-term, permanent role. We offer full compliance with Indonesian labor law from day one, including BPJS Kesehatan, BPJS Ketenagakerjaan, and THR.";Tidak Disebutkan;Developer/Programmer (Teknologi Informasi & Komunikasi);Antarmuka Pengguna, React.JS, Node.JS, AWS, Bagaimana Anda cocok, Keterampilan dan kredensial dari deskripsi pekerjaan, +6 selengkapnya⁠;S3;Full time;More than 10,000 employees;https://bx-branding-gateway.cloud.seek.com.au/f4ace100-2c53-482c-8bb5-0236ba0bd6d2.1/jdpLogo
https://id.jobstreet.com/id/job/91363586?type=standard&ref=search-standalone&origin=jobCard#sol=d42e562d35b031749af5e6e810ae382a295f5abb;PT Intergastra Nusantara;Jakarta Raya (Hibrid);Full-Stack AI Engineer;"Peluang Menarik di PT Serebrum
PT Serebrum , sebuah perusahaan baru teknologi di Indonesia, sedang mencari talenta terbaik untuk bergabung dengan kami sebagai Full-Stack AI Engineer. Dalam peran ini, anda akan bertanggung jawab membangun aplikasi berbasis AI secara end‑to‑end. Tugas ini mencakup perancangan arsitektur dan integrasi model AI, pengembangan sistem backend yang andal, serta pembuatan antarmuka pengguna (UI) yang intuitif untuk berinteraksi dengan fitur AI.Tanggung Jawab AndaAI Integration: Mengintegrasikan model AI (melalui API seperti OpenAI/Anthropic atau model open‑source via Hugging Face) ke dalam aplikasi.Backend Development: Membangun API yang robust, mengelola database (SQL/NoSQL), serta menggunakan vector databases (misalnya ChromaDB, Pinecone) untuk kebutuhan RAG (Retrieval‑Augmented Generation).Frontend Development: Mengembangkan dashboard atau interface yang responsif dan ramah pengguna agar interaksi dengan fitur AI berjalan lancar.Optimization: Melakukan prompt engineering, fine‑tuning ringan, serta optimasi performa dan latensi pada sisi backend maupun frontend.Kualifikasi yang Kami CariGelar Sarjana atau setara dalam Ilmu Komputer, Teknik Informatika, atau bidang terkaitMinimal 2 tahun pengalaman sebagai Full-Stack Developer atau AI EngineerBahasa Pemrograman: Python (untuk AI/Backend) dan JavaScript/TypeScript (untuk Frontend).Framework AI: Pengalaman dengan LangChain, LlamaIndex, atau CrewAI. Pengetahuan dasar PyTorch/TensorFlow menjadi nilai tambah.Backend: Familiar dengan framework seperti FastAPI, Flask, atau Node.js.Frontend: Menguasai library modern seperti React.js serta styling dengan Tailwind CSS.Data Storage: Memahami database relasional (PostgreSQL) dan vector database.Tools: Docker, Git, serta layanan Cloud (AWS/GCP/Azure).Kemampuan problem‑solving yang baik.Rasa ingin tahu dan kemampuan riset mandiri untuk memahami bagaimana fitur AI dapat memberikan nilai bagi pengguna.Keuntungan Bekerja di PT SerebrumGaji kompetitif dan tunjangan menarikBPJS Kesehatan & KetenagakerjaanLingkungan kerja yang kolaboratif dan mendukung inovasiKesempatan untuk terlibat dalam proyek-proyek teknologi terkiniTentang PT Serebrum
PT Serebrum adalah startup teknologi inovatif yang berfokus pada pengembangan ekosistem solusi IT cerdas. Mengambil inspirasi dari Cerebrum—pusat integrasi fungsi intelektual manusia—kami hadir untuk menjadi ""otak"" penggerak transformasi digital bagi bisnis dan masyarakat.Kami percaya bahwa teknologi bukan sekadar alat bantu, melainkan mitra strategis. PT Serebrum berkomitmen untuk menjembatani kesenjangan antara kompleksitas data dengan kebutuhan praktis industri melalui pemanfaatan Artificial Intelligence (AI) dan rekayasa perangkat lunak yang presisi
Tertarik untuk bergabung dengan tim kami? Lamar sekarang dan jadilah bagian dari perjalanan transformasi digital kami!";Tidak Disebutkan;Developer/Programmer (Teknologi Informasi & Komunikasi);API, Bahasa SQL, Basis Data, Prompt Engineering, Bagaimana Anda cocok, Keterampilan dan kredensial dari deskripsi pekerjaan, +6 selengkapnya⁠;Sarjana;Full time;51-200 employees;https://bx-branding-gateway.cloud.seek.com.au/0f29e4f4-4408-48c7-a58f-45ed431b8bd0.1/jdpLogo
https://id.jobstreet.com/id/job/91731636?type=standard&ref=search-standalone&origin=jobCard#sol=33635874830996d00336cc05f7e4e8414b15559a;PT Asco Prima Mobilindo;Jakarta Raya;IT Programmer;Kualifikasi :Pendidikan minimal S1 jurusan Teknik InformatikaMemahami bahasa pemograman Magic/PHPMenguasai framework Codelgniter, Laravel, Vue JsMenguasai sistem database Btrieve, SQL, Postgresqi, Cloud database;Tidak Disebutkan;Developer/Programmer (Teknologi Informasi & Komunikasi);Teknik Informatika, Bahasa Pemrograman, Pemrograman PHP, Laravel Framework, Bagaimana Anda cocok, Keterampilan dan kredensial dari deskripsi pekerjaan, +2 selengkapnya⁠;S1;Full time;51-200 employees;https://bx-branding-gateway.cloud.seek.com.au/28df8adc-76a8-417a-8af3-01f941774ea4.1/jdpLogo
https://id.jobstreet.com/id/job/91473631?type=standard&ref=search-standalone&origin=jobCard#sol=14f536c2e27e4d2cd0f9e6a59f428fe94530b4df;PT Kamoro Maxima Integra;Jakarta Selatan, Jakarta Raya (Hibrid);Full Stack Developer (Dot Net);"Responsibility:Develop and implement ASP.NET MVC or .NET CoreImplement Unit Test during development process & show proven implementation.Communicate with overseas team related with conflict code if needed.To document for source-code / technical implementation into technical documentations.Follow and comply with group and local IT Standard Operating Procedures, service level standards, compliance and security policies, and methodologies including existing Software Development Life Cycle (SDLC) with combination of Agile Application development process.Understanding of technology trends and best practices.
Requirements:Minimum bachelor's degree with minimum GPA of 3.00.Min. 2+ years’ experience in web application.Knowledgeable in ASP.NET, .NET Core, C#, MVC, HTML, CSS, JS Familiar with integration using Rest API/SOAPExperience in one or more RDBMS (SQL Server, MySQL, Oracle). Familiar with NoSQL / Mongodb is a plus.
Why join Us?We offer very attractive salary and outstanding benefits.Most of our clients are multinational company which you will be exposed to a large IT environment and valuable experience in international scale projects.You will always learn new things as our projects always adopt latest technology and best practice available in the market.Last but not least, we offer a supportive and encouraging environment that puts the emphasis on teamwork. Here, your soft skill (professional relationships, character, attitude) will grow as fast as your technical skill.";Tidak Disebutkan;Developer/Programmer (Teknologi Informasi & Komunikasi);Pengujian Unit, Aplikasi Web, Bahasa Pemrograman HTML, CSS, Bagaimana Anda cocok, Keterampilan dan kredensial dari deskripsi pekerjaan, +5 selengkapnya⁠;Bachelor, Degree;Full time;5,001-10,000 employees;https://bx-branding-gateway.cloud.seek.com.au/8e02af6e-8d32-4522-9c89-85649257901d.1/jdpLogo
https://id.jobstreet.com/id/job/91454758?type=standard&ref=search-standalone&origin=jobCard#sol=c3ccfe453b1d1e6e301493506ab598d057d5da8a;Tidak Disebutkan;Pasar Minggu, Jakarta Raya;SENIOR FULL STACK DEVELOPER;"TIAR AI provides the end-to-end digital infrastructure Charging Point Operators (CPOs) need to succeed—whether powering EVs, eScooters, eBikes, or electric buses. Our white-label, AI-powered platform helps you maximize profits and keep operational costs lean, all under your own brand. Built for global reach, we are ready to scale with you. Discover the future of charging management: www.tiar.aiPARKING+ is a leading Indonesian EV Charging Operator. We are actively partnering with property managers and strategic landowners. Whether you oversee apartments, shopping malls, offices, campuses, or enterprise fleets, we help you turn your parking spaces into profitable assets. Our platform delivers complete transparency, smart automation, and AI-driven functionalities designed to minimize your operational costs while maximizing profitability. Explore partnership opportunities with us: www.parkingplus.xyzAs we prepare for an upcoming project, we’re expanding our development team. If you’re passionate about technology and the future of mobility, we’d love to meet you!
Location : Kemang, JakartaQUALIFICATIONSExperienced Developer at backend and frontendDevelop and maintain backend services using GO and JavaScript.Develop Mobile Application using FlutterDesign, implement, and optimize RESTful APIs.Experienced with Payment Gateways: Xendit, Midtrans, Paypal, StripeArchitect scalable microservices for our infrastructure.Collaborate with our IT TeamEnsure high performance, security, and availability of backend systems.Troubleshoot and debug issues across the full stack.Stay updated with industry trends and best practices in backend development.Maximum 29yrsGraduate from UI, UGM, ITB, ITS, or reputable overseas universitiesRole Overview
We are opening experienced developer (graduate from computer science or information system) as a Full Stack Developer to build user-friendly interfaces or scalable systems. The role involves clean coding, API integration, and supporting performance, testing, and team collaboration.
What We OfferQualified candidate will be given attractive monthly income, daily and meal packageTHR on Hari RayaPerformance bonus upon milestone achievementInterested candidates are encouraged to apply before end of April 20th, 2026";Tidak Disebutkan;Developer/Programmer (Teknologi Informasi & Komunikasi);Pemrograman JavaScript, Flutter, REST APIs, Microservices, Bagaimana Anda cocok, Keterampilan dan kredensial dari deskripsi pekerjaan, +6 selengkapnya⁠;Tidak Disebutkan;Full time;1-50 employees;https://bx-branding-gateway.cloud.seek.com.au/d7dee1f0-57b9-4e96-8635-9ec6aa3a3a27.1/jdpLogo
https://id.jobstreet.com/id/job/91673657?type=standard&ref=search-standalone&origin=jobCard#sol=96fe090c8da00dc2f7cced4ec5dc18966b0dffa9;PT Idana Solusi Sejahtera;Jakarta Selatan, Jakarta Raya;Full Stack Developer;Job Description1. Infrastructure & System AdministrationMengelola dan memelihara server Linux/Windows untuk memastikan ketersediaan, keamanan, dan performa sistem.Melakukan deployment dan pengelolaan aplikasi menggunakan Docker containerization.Monitoring sistem, resource server, dan troubleshooting untuk menjaga high availability layanan.Mengelola konfigurasi jaringan, firewall, dan security hardening pada server.2. Application Deployment & AutomationMengelola proses build dan deployment aplikasi menggunakan Docker-based environment.Mengembangkan dan memelihara website hompage perusahaan menggunakan Hugo static site generator.Mengotomatisasi proses operasional menggunakan Python scripting.3. Data Management & IntegrationMenjalankan ad hoc SQL queries untuk kebutuhan analisis data dan support operasional.Mengelola proses data transfer melalui SFTP menggunakan Python automation.Melakukan validasi, monitoring, dan troubleshooting proses pengiriman data.4. Regulatory Compliance & SecurityMendukung implementasi IT Compliance sesuai regulasi OJK pada industri fintech.Menangani integrasi dan pelaporan data ke SLIK (Sistem Layanan Informasi Keuangan) dan PUSDAFIL.Mendukung implementasi standar keamanan informasi ISO (misalnya ISO 27001 / ISO 27002).Mendukung pemenuhan regulasi dan pelaporan yang terkait dengan AFPI (Asosiasi Fintech Pendanaan Bersama Indonesia) dan CBI (Credit Bureau Indonesia).Menyediakan dokumentasi dan audit trail untuk kebutuhan audit internal maupun regulator.5. Monitoring & ReliabilityMelakukan monitoring sistem, aplikasi, dan pipeline untuk memastikan sistem berjalan stabil.Melakukan incident response dan root cause analysis terhadap gangguan sistem.Meningkatkan reliability dan scalability infrastruktur.Skills & TechnologiesOperating System: Linux (Ubuntu), WindowsContainerization: DockerScripting: PythonDatabase: SQL (MySQL / PostgreSQL)Data Transfer: SFTP AutomationStatic Site: Hugo, HTML, JavaScript, CSSMonitoring: GrafanaCompliance: OJK IT Compliance, SLIK Reporting, AFPI, CBIStandards: ISO Information Security;Tidak Disebutkan;Developer/Programmer (Teknologi Informasi & Komunikasi);Penyebaran, Troubleshooting, Pemrograman Python, Bahasa SQL, Bagaimana Anda cocok, Keterampilan dan kredensial dari deskripsi pekerjaan, +5 selengkapnya⁠;Tidak Disebutkan;Full time;More than 10,000 employees;https://bx-branding-gateway.cloud.seek.com.au/ba05f027-5d84-48f0-9e83-0ac895b5e38c.1/jdpLogo
https://id.jobstreet.com/id/job/91918936?type=standard&ref=search-standalone&origin=jobCard#sol=9b529aa19e3c6dc79fe33f6be241c4c67b6247c6;PT Panin Asset Management;Jakarta Selatan, Jakarta Raya;Web Programmer;"About the role

This is an exciting opportunity to join PT Panin Asset Management as a Web Programmer. As a Web Programmer, you will play a crucial role in developing and maintaining the company's web-based applications and systems.
What you'll be doingDesign, develop and implement web-based applications and systems using programming languages compatible with the .NET framework.Perform quality checks and routine maintenance on company applications to identify and resolve issues.Collaborate effectively within a team or with cross-functional teams to understand and translate business requirements into technical solutions.Stay up-to-date with emerging technologies, including AI tools.Write clean, efficient, and well-documented code to ensure the stability and scalability of web applications.
What we're looking forBachelor Degree (S1) Information System or relevant study.Previous working experience as Web Programmer or Developer min. 2 year(s).Proficiency skill in Programming Language C#, ASP.NET, HTML, Javascript, Jquery, CSS.Proficiency skill in Framework .NET (MVC and .NET Core).Proficiency skill in RDBMS concept (Query, Function, Stored Procedure, Performance Tunning).Proficiency skill in OPEN/REST API concept, OOP & Design Pattern, Version Control.Adaptive, strong interpersonal and communication skills, both written and verbal with team members and cross-division.A problem solver is always that we need.
What we offer

At PT Panin Asset Management, we are committed to providing a supportive work environment that fosters personal and professional growth. We offer competitive salaries, comprehensive benefits, and opportunities for professional development and advancement. You will be part of a dynamic team dedicated to delivering innovative solutions for our business.If you're passionate about web development and eager to contribute to the success of our company, we encourage you to apply now.";Tidak Disebutkan;Developer/Programmer (Teknologi Informasi & Komunikasi);Aplikasi Web, Bahasa Pemrograman, Bahasa Pemrograman HTML, Pemrograman JavaScript, Bagaimana Anda cocok, Keterampilan dan kredensial dari deskripsi pekerjaan, +5 selengkapnya⁠;S1, Degree;Full time;More than 10,000 employees;https://bx-branding-gateway.cloud.seek.com.au/60024acf-b963-4e78-aa3a-65b69f11e01e.1/jdpLogo
https://id.jobstreet.com/id/job/91358606?type=standard&ref=search-standalone&origin=jobCard#sol=db77c8c84b7a043a35df9f661d6adfd7145cc19e;PT Bumi Daya Plaza;Jakarta Pusat, Jakarta Raya;Staff Programmer;"TANGGUNG JAWABMelakukan pengembangan pengujian dan pemeliharaan sistem aplikasi dengan memenuhi requirement yang ditetapkan, baik front end maupun back end.Membuat script untuk mengakses Database & menghubungkan tabel-tabel dalam DatabaseMengumpulkan dan mengevaluasi umpan balik penggunaBerkontribusi pada perancangan sistem aplikasi baruMengerti implementasi server, baik server aplikasi maupun server database
KUALIFIKASIPendidikan min. D3/S1 atau setara, jurusan Teknik Informatika / Ilmu Komputer / Sistem InformasiBerpengalaman minimal 2 tahun sebagai web programmerMenguasai PHP, HTML, CSS, MySQL, PostgreSQL, Node.js, LaravelMampu bekerja dalam tim dan dapat memecahkan masalah dengan baikMempunyai komunikasi yang baik dan dapat beradaptasi dengan cepat.Dapat membuat aplikasi Mobile merupakan nilai tambah";Tidak Disebutkan;Developer/Programmer (Teknologi Informasi & Komunikasi);Teknik Informatika, Ilmu Komputer, Sistem Informasi, Pemrograman PHP, Bagaimana Anda cocok, Keterampilan dan kredensial dari deskripsi pekerjaan, +6 selengkapnya⁠;S1, D3;Full time;1,001-5,000 employees;https://bx-branding-gateway.cloud.seek.com.au/cc25d9c7-c5b9-4b71-bfcc-7c65b27bc74e.1/jdpLogo
https://id.jobstreet.com/id/job/91693479?type=standard&ref=search-standalone&origin=jobCard#sol=04d1cc36e0c26ca3c6eecb6b87a265b77d8574a1;Yayasan BPK Penabur Jakarta;Jakarta Barat, Jakarta Raya;Full Stack Developer;"Tentang Peran IniKami sedang mencari Full Stack Developer berbakat untuk bergabung bersama keluarga besar Yayasan BPK Penabur Jakarta di Jakarta Barat. Di sini, kamu akan memegang peran kunci dalam seluruh siklus pengembangan—mulai dari mendesain, mengeksekusi, hingga menguji dan meluncurkan aplikasi web yang bermakna. Ini adalah posisi purnawaktu di mana kamu berkesempatan mengerjakan proyek-proyek seru yang berdampak langsung bagi kemajuan dunia pendidikan.Apa yang Akan Kamu Lakukan?memiliki pengalaman membangun sistem dari nol menjadi nilai tambahmenguasai React.js dan Node.jsmenguasai version control system (Git)menguasai konsep APIberpengalaman menggunakan database SQL (MySQL, PostgreSQLKriteria yang Kami Cari:lulusan S1 Teknik Informatikaberpengalaman min 2 thn sebagai full stack programmermemahami konsep dasar DevOps menjadi nilai tambahdapat bekerja secara mandiri atau dalam tim 
Apa yang Kami Tawarkan?Di Yayasan BPK Penabur Jakarta, kami percaya pada lingkungan kerja yang suportif dan inklusif demi pertumbuhan pribadi maupun profesionalmu. Kami menawarkan:Gaji yang kompetitif.Jenjang karier yang jelas.Benefit karyawan yang lengkap, termasuk asuransi kesehatan dan dana pensiun.Pengaturan kerja yang fleksibel.Tentang KamiYayasan BPK Penabur Jakarta adalah institusi pendidikan terkemuka di Indonesia yang berkomitmen memberikan pendidikan berkualitas bagi generasi bangsa. Kami adalah organisasi yang dinamis, inovatif, dan berorientasi ke depan, digerakkan oleh semangat keunggulan untuk memberikan dampak positif bagi masyarakat.Siap untuk tantangan baru? Jika kamu merasa punya kriteria yang kami butuhkan dan ingin bertumbuh bersama kami, jangan ragu untuk melamar sekarang. Kami tunggu kehadiranmu!";Tidak Disebutkan;Developer/Programmer (Teknologi Informasi & Komunikasi);Aplikasi Web, React.JS, Node.JS, Kontrol Versi, Bagaimana Anda cocok, Keterampilan dan kredensial dari deskripsi pekerjaan, +6 selengkapnya⁠;S1;Full time;5,001-10,000 employees;https://bx-branding-gateway.cloud.seek.com.au/47dc3796-2ea1-459e-98b6-9f1acc4dfc9e.1/jdpLogo
https://id.jobstreet.com/id/job/91756596?type=standard&ref=search-standalone&origin=jobCard#sol=b27f5b7d6e2aa3e6d124e8836bef836a338bd520;PT DIGITAL XCELERATION NUSANTARA;Jakarta Selatan, Jakarta Raya;Full Stack Engineer;"About Us: PT Digital Xceleration Nusantara (DXN) is a dynamic and innovative company dedicated to empower business through tailored digital transformation (end to end solutions). We are seeking a talented Full Stack Engineer to join our team and help us build scalable, high-performance applications.
Key Responsibilities:Working with engineering and product owners to refine and develop the product, from concept to implementation.Develop and maintain scalable software applications using specific programming languages or technologies.Build great quality, scalable, maintainable, efficient code and fault tolerant systems using Java or NodeJS as well as awesome SPA using ReactJS or Vue.js and Dart & Flutter.Troubleshoot, debug, and optimise existing software systems.Implement code that is secure, clear, performant and easily understood by others.Participate in code reviews to ensure code quality and adherence to best practices.Keep code maintainable through concise and effective documentation.Unit test code for robustness, usability and reliability.Contribute to the continuous improvement of the technology, product and development experience.Communicate, collaborate and work effectively within the team and a small group of stakeholders.
Qualifications :Bachelor’s degree in Computer Science, Software Engineering, or a related field (or equivalent experience).Total experience required 1+ years of experience in software development.Good logic and analytical thinking is a must, great algorithm skills would be a great extra.Experience with solving complex problems in code is a sure advantage.Quick learner, problem solver, attention to detail and able to implement solutions with guidance. 
Would be a plus:Hands-on experience with one or more of the following items: Java (Spring boot), JavaScript frameworks, HTML, CSS, NodeJS, React Native, ReactJS, Vue.js, Microservices architecture, Android, Flutter, Kotlin, Express.js, GraphQL.Familiarity with databases (SQL and/or NoSQL, MongoDb).Experience of working agile process management methodology.Experience with cloud platforms (e.g., AWS, Azure, Google Cloud).
Note:
Fresh graduates with great algorithm skills are welcome to apply.";Tidak Disebutkan;Developer/Programmer (Teknologi Informasi & Komunikasi);Bahasa Pemrograman, Pemrograman Java, Node.JS, React.JS, Bagaimana Anda cocok, Keterampilan dan kredensial dari deskripsi pekerjaan, +5 selengkapnya⁠;Bachelor, Degree;Full time;501-1,000 employees;https://bx-branding-gateway.cloud.seek.com.au/8ac97014-7bdf-4f3e-bfda-dd68d9e0a8da.1/jdpLogo
https://id.jobstreet.com/id/job/91842732?type=standard&ref=search-standalone&origin=jobCard#sol=c2b248a0423b6c88132308d02db7823c1da1efae;Tidak Disebutkan;Jakarta Selatan, Jakarta Raya;Full Stack Developer (Python);"We are looking for a Full Stack Developer with strong Python expertise and a strong interest in AI to build digital products, automation tools, and intelligent systems for marketing and business use cases.

You will work across backend systems, APIs, databases, and front-end interfaces, collaborating with strategy, creative, and data teams to turn business needs into practical technology solutions.

Key Responsibilities Develop and maintain full stack applications, including backend systems, APIs, databases, and front-end interfaces Build scalable backend services using Python frameworks such as FastAPI, Flask, or Django Develop user-friendly front-end interfaces using React, Next.js, or similar frameworks Integrate AI tools and APIs into products, workflows, and automation systems Build internal tools for reporting, campaign management, content workflows, and operational efficiency Work with data from APIs, databases, and marketing platforms Collaborate with cross-functional teams to translate requirements into functional products Deploy, monitor, and maintain applications in cloud environments Ensure performance, scalability, security, and reliability across the stackRequirements 3–6+ years of experience as a full stack or backend developer Strong proficiency in Python and backend frameworks such as FastAPI, Flask, or Django Experience with front-end development such as React, Next.js, or similar frameworks Solid understanding of APIs, databases, and system architecture Experience working with data, including SQL, APIs, or ETL processes Familiarity with cloud platforms such as AWS, GCP, or Azure Good understanding of version control, such as Git Strong interest in AI and exposure to AI tools or APIs such as OpenAI or Hugging Face Strong problem-solving skills and ability to work across the full development lifecycleAbility to work in a fast-paced, cross-functional environment";Tidak Disebutkan;Developer/Programmer (Teknologi Informasi & Komunikasi);Pemrograman Python, API, Basis Data, Next.JS, Bagaimana Anda cocok, Keterampilan dan kredensial dari deskripsi pekerjaan, +5 selengkapnya⁠;Tidak Disebutkan;Full time;1-50 employees;https://bx-branding-gateway.cloud.seek.com.au/3a8461fc-865f-4571-9961-72665a97f05e.1/jdpLogo
https://id.jobstreet.com/id/job/91905680?type=standard&ref=search-standalone&origin=jobCard#sol=0bad697b6f3a72c1134b636502e2f806aa810c5e;AME Mineral Economics Pty Ltd;Jakarta Selatan, Jakarta Raya;Senior Full Stack Developer;"About AME GroupAME Group is a leading provider of consulting and research services to the Metals & Mining and Coal & Consumable Fuels industries. Drawing on more than 50 years of industry expertise, we deliver bespoke consulting engagements, subscription research, and software-as-a-service products to clients globally.Our Jakarta office houses a well-established team of approximately 30 staff and is one of the AME’s key global research hubs. Form this office we deliver consulting services to clients across Indonesia and South East Asia, while contributing to AME's worldwide research output.What We Do:Expand research capabilities in renewables, battery metals, transition commodities, and new energy sectors like hydrogen.Analyze individual projects such as solar farms, mines, and infrastructure operations to deliver economic and planning insights.Build industry and plant engineering models and catalog carbon emission data using technical papers, production data, financial metrics, surveys, and site visits.
About the RoleWe’re seeking an experienced Full Stack Developer to join our development team, responsible for designing, building, and maintaining robust web applications. You’ll work primarily with .NET 8+ on the backend and Angular on the frontend, building scalable and maintainable applications that power critical business functions and customer experience. This role involves collaborating with cross-functional teams to deliver features end-to-end, optimize performance, and contribute to ongoing maintenance and improvement.Key ResponsibilitiesDesign, develop, and maintain web applications using .NET 8 and Angular.Write clean, maintainable following best practicesBuild and consume RESTful APIs and integrate third-party services.Participate in architectural discussions and decisions; contribute to evolving system design and patterns.Identify and implement optimizations for application performance, scalability, and security.Work closely with product owners, QA engineers, and other developers to plan and deliver features.Diagnose, debug, and resolve issues in production and staging environments.QualificationsBachelor’s degree in Computer Science, Software Engineering, or a related field (or equivalent practical experience).3–5+ years of professional experience in full-stack web application development.Proven experience delivering production-ready .NET applications.Strong understanding of front-end development practices with Angular or similar frameworks.Technical Skills:Backend: .NET 8, C#, Entity Framework CoreFrontend: Angular (modern versions v14+ preferred), TypeScript, HTML5, SCSS/CSSRESTful API design and integrationDevOps: Git, CI/CD pipelines, build and release managementLayered architecture, dependency injection, clean architecture principlesNice to Have:Experience with SignalR or real-time web applicationsExperience maintaining and modernizing legacy .NET applications, including refactoring and improving existing codebases.Soft Skills :Strong analytical and problem-solving skillsAttention to detail and commitment to qualityAbility to work in an agile, iterative development environmentWhat We Offer:Modern, central office near to public transport and key amenitiesCompetitive salary";Tidak Disebutkan;Developer/Programmer (Teknologi Informasi & Komunikasi);Aplikasi Web, Angular, REST APIs, Debugging, Bagaimana Anda cocok, Keterampilan dan kredensial dari deskripsi pekerjaan, +5 selengkapnya⁠;Degree;Full time;30 staff;https://bx-branding-gateway.cloud.seek.com.au/c3871ead-1ee8-48d4-9b56-5922aff718ce.1/jdpLogo
https://id.jobstreet.com/id/job/91882288?type=standard&ref=search-standalone&origin=jobCard#sol=3cd37618ad91aec9466b6d0eebfd066420e284d0;PT Trans Indonesia Superkoridor;Kelapa Gading, Jakarta Raya;IT Fullstack;Tanggung Jawab UtamaMengembangkan dan memelihara aplikasi menggunakan Native PHP dan MySQL.Membuat dashboard dan laporan (report).Memperbaiki bug serta menambahkan fitur baru sesuai kebutuhan produk.Berkolaborasi dengan tim dalam merancang alur proses aplikasi dan memastikan alur bisnis berjalan lancar.Melakukan dokumentasi terhadap pekerjaan yang dilakukan.KualifikasiPendidikan Minimal S1 Teknik Informatika, Sistem Informasi atau bidang terkaitPengalaman 2 tahun di proyek nyata (bukan tugas perkuliahan) sebagai PHP Developer atau Full Stack Developer.Mampu memahami dan menerjemahkan proses bisnis ke dalam alur aplikasi.Mampu membuat query MySQL yang efisien dan mendesain skema database.Mampu merancang skema dan query MySQL yang efisien untuk OLTP & analitikKemampuan presentasi yang baik untuk memaparkan laporan ke stakeholders.Memahami mengenai sistem operasi linux;Tidak Disebutkan;Developer/Programmer (Teknologi Informasi & Komunikasi);Tidak Disebutkan;S1;Full time;201-500 employees;https://bx-branding-gateway.cloud.seek.com.au/0a524fb5-12f0-4a12-91cb-445546e5c087.1/jdpLogo
https://id.jobstreet.com/id/job/91909166?type=standard&ref=search-standalone&origin=jobCard#sol=db1d11c47c2135556c9329de89cd194b633c0966;Solutech Indonesia Maju;Jakarta Pusat, Jakarta Raya;Full Stack Developer;·       Membangun dan mengembangkan aplikasi e-commerce dari nol (frontend & backend).·       Mengembangkan UI/UX web yang responsive, modern, dan memiliki performa optimal menggunakan Next.js, React.js, dan Typescript·       Mengimplementasikan fitur-fitur utama e-commerce seperti:Product listing & product detail-          Shopping cart-          Checkout & payment flow-          Order management-          User authentication & authorization·       Mengembangkan backend logic menggunakan Node.js dan Next.js (API Routes / Server Actions).·       Mendesain dan mengelola integrasi database PostgreSQL termasuk query dan relasi data.·       Mengintegrasikan API eksternal seperti payment gateway dan layanan logistik.·       Membangun dan mengelola REST API sesuai standar HTTP method.·       Menjaga kualitas kode melalui debugging, testing, dan optimalisasi performa aplikasi.·       Mengimplementasikan aspek keamanan aplikasi (XSS, SQL Injection prevention, authentication security, dll).·       Menggunakan Git untuk version control dan kolaborasi tim.·       Berkolaborasi dengan tim UI/UX, product, dan stakeholder untuk kebutuhan fitur.;Tidak Disebutkan;Developer/Programmer (Teknologi Informasi & Komunikasi);Antarmuka Pengguna, Pengalaman Pengguna, Next.JS, React.JS, Bagaimana Anda cocok, Keterampilan dan kredensial dari deskripsi pekerjaan, +6 selengkapnya⁠;Tidak Disebutkan;Full time;501-1,000 employees;https://bx-branding-gateway.cloud.seek.com.au/012d8d57-439d-453a-98a2-71dc8a18ba1f.1/jdpLogo
